block_number,block_timestamp,tx_hash,tx_type,sender,calldata_len
1915703,1756476965,1722471750853432200977627421899196933253036291429662211755508088331552578798,InvokeTransactionV3,2670630840985589440045187554914252889815409523531859948677342441068194918313,64
1915703,1756476965,664359004344424193722239633642491326289944159207244557737588455861336101640,InvokeTransactionV3,2059897478043580672665236885611175842824744134513779397714428380582810043423,289
1915703,1756476965,2112816676765223904904352395041900007054908089632486634728179803610607426532,InvokeTransactionV3,248389581526657944418814558949710496099312501421230166168896198252639051211,142
1915703,1756476965,133276864408007913130202830133536920220321699498842214487217967835635551196,InvokeTransactionV3,2802748527470849112120779822214832365254218930341545330756539688647709907505,33
1915703,1756476965,1693150034877406455133837697286569491875496092093568792678594117949150018934,InvokeTransactionV3,2203451178029417241944886691807213992793066193637506469679371599822104139118,142
1915703,1756476965,2695506186993926865480615396376461821989946024486343365055447213702118537636,InvokeTransactionV3,1520111258503786454180566693340249524038231091136877666159977787935029957836,48
1915703,1756476965,2335717021208154566703231980036523590464275301563610762384313451980680328273,InvokeTransactionV3,2985364246000775674385138100406070071983813374887874873065292372430846633948,64
1915703,1756476965,1729746077402830356729436828525408271656869880502583509379883794917765044779,InvokeTransactionV3,2873336813154384528434180865852605042091857718655094739447517228407812983817,36
1915703,1756476965,3409838684678539229096144195998649704413142839209664175518382531636222364152,InvokeTransactionV3,2857673853812765299937321297758067454574819434071367398525720978432201817947,36
1915703,1756476965,2686583409018936718812078712871762584283010807594823976081089530533167593489,InvokeTransactionV3,2296986051007885466413521191178075278587591094962863399846607730754885237773,36
1915703,1756476965,454647993658749480465894323051802543579230560005744637281411840051431478500,InvokeTransactionV3,3252096210731519115629840545720911681604283325715485718973581648169170276079,36
1915703,1756476965,2995486684255905268471435235604379621285215745434045007332128598471158221119,InvokeTransactionV3,2836289762383132204568208024074879734080782945394714480850051677327803459921,36
1915702,1756476962,2572618303020817006000027757602626174201619424136240622850923156610502062178,InvokeTransactionV3,554911884914076215216083897173961035916461674927669088792409672758974654066,33
1915702,1756476962,3330241955080928280289988365162935779420514693046551801145142684688072318849,InvokeTransactionV3,3617563809027683035078722732746094905125229152812095583690998629048770713348,142
1915702,1756476962,708511144234440487313511377936532620906691065130606991624750825175891212977,InvokeTransactionV3,2059897478043580672665236885611175842824744134513779397714428380582810043423,321
1915702,1756476962,1586650292228445280163955803725274385007940156819295016347658104976399185959,InvokeTransactionV3,13404078161455841195635085391501113058551480957272047095371647857350167607,49
1915702,1756476962,797896085371336443078923119752658371530399318753110818099738810255485225687,InvokeTransactionV3,273599142370843914565674819415085713883219132804799838971143309678180405915,48
1915702,1756476962,1257138686887089388624586062949462282437136257210846062452531792087585077299,InvokeTransactionV3,99536441621792610925987411595079219136115992718421235170964731251294429130,142
1915702,1756476962,1362026969558881786109809565817679960235792540998206188687019073352163610137,InvokeTransactionV3,1520111258503786454180566693340249524038231091136877666159977787935029957836,68
1915702,1756476962,2653866142593503661128475000126721400771689919826211963107957615329312056038,InvokeTransactionV3,273599142370843914565674819415085713883219132804799838971143309678180405915,28
1915702,1756476962,2171544881300769053616019448180919606509020030278546262716425325676832582479,InvokeTransactionV3,3597155163904169473457077529596508772702220720070242145549590514583085948809,53
1915702,1756476962,1118499471935834758827879730348265691443872345731238871302808467296133973695,InvokeTransactionV3,2184685061616604059367668994770513287370361335533443019802473088765269565395,7
1915701,1756476959,188831734385237613310732230716050887601978050741548439247859583329976762187,InvokeTransactionV3,773859291631536731101522545534913508609807359200443554497279705801491913193,126
1915701,1756476959,580218335574767202892677143931516385932212126729479793607085487202820757104,InvokeTransactionV3,1145857803733881764972089133507855670459310694247898752997084679113887347789,142
1915701,1756476959,401383756590492871116584473952972275510962239113932204692539636926382915408,InvokeTransactionV3,221707240810027613005440001996201826972292775007593552154734976342949032040,142
1915701,1756476959,2086418127385086064232429844891980291759982149020860421011863807767769741737,InvokeTransactionV3,3330397257410121841405332900106865714780170952886499924372802438485068216414,36
1915701,1756476959,1189807454816357586543847415327452146220708483829607945189240804950833498035,InvokeTransactionV3,2717867496912983835529061832729268298005315161890540274735048553839890061479,32
1915701,1756476959,101651767593407925337350899518657165314957640311919593212743418011917584875,InvokeTransactionV3,1622354599449965505028723052128567598667782056739042370236179238059741088301,23
1915701,1756476959,2077167882394036745545015848164218532153299062052961538257928065846351869044,InvokeTransactionV3,2059897478043580672665236885611175842824744134513779397714428380582810043423,307
1915701,1756476959,2265919965357255895386734169780400247628272009868544523593650300823307578083,InvokeTransactionV3,3392666758985147183921912739236036836208361491073431328589421611472649164780,142
1915701,1756476959,332656973005875403962113991768087732735583712953439785063239486001837153322,InvokeTransactionV3,1205668430348890100568975837916806395094149708242986177096359523586412829924,39
1915701,1756476959,608852809042027286380551979993768887433430462395883769676605945303281701685,InvokeTransactionV3,2911769313366184576976854616651607952402351987314043237372613555882922210623,142
1915701,1756476959,2654444239270212889576811364755107984031860395842186378466580289817760494396,InvokeTransactionV3,469891287620022958512575658274468259811963252509122478737415215524571704593,33
1915701,1756476959,621232194526019670695421223138431789494400285547053864756869788723191978528,InvokeTransactionV3,2303570777408852431560734445749896828346636135167200463458166320785588930429,142
1915701,1756476959,3468658833037693564427542772994207963063433786444278224113181068905673887324,InvokeTransactionV3,2059897478043580672665236885611175842824744134513779397714428380582810043423,193
1915701,1756476959,2549546738995978776583520331585747745996510012543611872275235969318181990491,InvokeTransactionV3,1151261233323788896724973827027377249188974522159816125991984124705994670535,17
1915701,1756476959,777597740434197710479073052982670118156092381913971622758830874234429695789,InvokeTransactionV3,273599142370843914565674819415085713883219132804799838971143309678180405915,68
1915701,1756476959,1027810354254708139387547388589970754411822856972567309514362790125395614881,InvokeTransactionV3,2715971586910447775578016766589462632125928557815757185920746738918858535099,142
1915701,1756476959,1714757620183526092192948617954268393483955207978233352830309508827958773583,InvokeTransactionV3,1422532754084569031799320073139085874805215487222939727293215170364038213769,142
1915701,1756476959,756779667009879129736652482248250298785884543748294279107583040965573599791,InvokeTransactionV3,1258382470447303878980818851597964799622355889383512220198108328436122960902,142
1915700,1756476956,420826005297907311761852097397068715427609892258517720893690275599713621051,InvokeTransactionV1,1800225948729933428794673317569508047785717625028268891151848502549886258912,48
1915700,1756476956,3269593838115285802317724160269515989764297267142232584814989558833132121878,InvokeTransactionV3,53586123035896273907246775941706387499272332227002910274442781947986777359,142
1915700,1756476956,1702615233892833960780372579987310645819039692714641516528012026216878182774,InvokeTransactionV1,2271827608291768919253189830904299149048643707812648964015914085425926824248,17
1915700,1756476956,1251382439545533716557484525628613192628287524341019932586517195660103315128,InvokeTransactionV3,2955439175202365359396150922979376171440155854341491629724778100049600890711,31
1915700,1756476956,133802078401917282424210079421171029899979538977247596115894732370460275190,InvokeTransactionV3,2059897478043580672665236885611175842824744134513779397714428380582810043423,225
1915700,1756476956,1825506582036400224123504837670398628217273443304763125454292478276906031638,InvokeTransactionV3,1645538977313040797404982206570748772507917472441932431447717636054171722128,142
1915700,1756476956,2356341583813364953903986765024640539247219293706928221518554685353603078917,InvokeTransactionV3,3300923151845882817370461858715145809576220079151655858072496845308372919378,36
1915700,1756476956,1864950163743085551498419641174400492709671982272468924531781433628547177459,InvokeTransactionV3,2059897478043580672665236885611175842824744134513779397714428380582810043423,364
1915700,1756476956,3580971322818685577942636436960193203141631820824516817452355478733891927531,InvokeTransactionV3,2396832492297517005269826858512977082371898302077771229988701260460360021088,48
1915700,1756476956,2738292812346963858852719319440548305749891021850497949141920481587088140908,InvokeTransactionV3,2975234206274765821864335189607441991271485580625311429217397289840455473682,55
1915700,1756476956,2728163864325132222330373879774444897168945501832445940966048644690385296838,InvokeTransactionV3,765645121770998171207257492164450717772163869648548821210666228299777703096,34
1915700,1756476956,2098180647192913937416449187624357577738733340642771993417796131793408843721,InvokeTransactionV3,419005295056297768645737903890162260218923910802812424069810980741287683835,48
1915699,1756476955,2743316463544174495613226407832431664375976946966228649736429168863049017925,InvokeTransactionV3,1970311611208168020822968693155072860307260453850190232093433420024047859296,36
1915699,1756476955,1874731330370563340381663574601296261675674475296434692418994057505966083559,InvokeTransactionV3,1478467450655695400796882427825673734290804521664507547995199809758600630564,28
1915699,1756476955,1210957849939386151494575484192497581707309590053462720251353417417673870241,InvokeTransactionV3,2382141253361165375919438864552471530304767645988754887351108264011740466634,36
1915699,1756476955,2216586327634516223158866604447127568722872486902873278619486120004903473703,InvokeTransactionV3,2174004921270402064609855866337485310805726168422756725937577125135334812373,36
1915699,1756476955,1660992415514802272535607097213723434043258165838263008430412023893210786559,InvokeTransactionV3,2836289762383132204568208024074879734080782945394714480850051677327803459921,36
1915699,1756476955,3328828651503320832845642038278853668543687933055257858042274823715359183648,InvokeTransactionV3,2296986051007885466413521191178075278587591094962863399846607730754885237773,36
1915699,1756476955,3103814612157050232780791181361996648458225943277384588822045971718853675091,InvokeTransactionV3,414057284311500656426288771457722775824083976354752878445577386821471171700,36
1915699,1756476955,2866625217582191567412695915231558343332684878798987355092114422922357207976,InvokeTransactionV3,2629098405900153829707246781271004256714848476417298157554337282051810091082,36
1915699,1756476955,734318475564368612074948764309253531171763872449862448262170929253226921437,InvokeTransactionV3,3071236620302122890216810842718631824828234814672583897477574989366636499958,36
1915699,1756476955,1799917680090828482575961366771447319639261957349321448375300937484520490094,InvokeTransactionV3,770599947344060135029304185352653530358167978779103016933242860397512839602,36
1915699,1756476955,42823727662334127583972997153891372063717386383374902841654482150127010901,InvokeTransactionV3,2873336813154384528434180865852605042091857718655094739447517228407812983817,36
1915699,1756476955,1155827177761257650848614898322493694446616293903915653139528591252995988667,InvokeTransactionV3,2717867496912983835529061832729268298005315161890540274735048553839890061479,35
1915699,1756476955,1182883610016461850346532480409934583980541685344107823486332791884635035025,InvokeTransactionV3,1622354599449965505028723052128567598667782056739042370236179238059741088301,23
1915699,1756476955,2829449726868918465868782575909010342588930429012663006892189959089363975262,InvokeTransactionV3,2239720082773828676441875694241203156698942079930957304114145804127474664183,23
1915699,1756476955,278919486571757048514650180058240546323780101419451001607493700652018908021,InvokeTransactionV3,2659214945941551041891217350136655154073807316955841217325150592701082274703,25
1915699,1756476955,2681496759310024448650289211883602586651113519289715266895082854574348551416,InvokeTransactionV3,3118196732931694223902157101447811079491787093179337723738587690701877174495,36
1915699,1756476955,2613441235451536346168804740713873239682397771418174903963476373399222254584,InvokeTransactionV3,783662436006878707199102420944472534454658149103496126815717602565792655087,29
1915699,1756476955,631264099677342093270598516188807719640635893132783265383785989357854379580,InvokeTransactionV3,112914174838522923851094228925823338196115833340192738030315499019657858510,46
1915699,1756476955,3250336855171690885772987718978787684967539413624706293366876196053043320190,InvokeTransactionV3,2059897478043580672665236885611175842824744134513779397714428380582810043423,250
1915699,1756476955,2463038592714187261447225581351730805437037222446256567757230046390120663293,InvokeTransactionV1,2543561966925725576848958044525944632428571930496546029161398292035943294792,7
1915699,1756476955,1098900917692339685659126684876427241824761972555706599278335557485836211970,InvokeTransactionV3,1116316962651095173634703102612462473076513320940443702968868237636294193756,46
1915699,1756476955,1060956690543823931402027672911343946131708981197848451916057911513243031792,InvokeTransactionV1,2741441495117178862169544871518680925414740569832535206848598191699983308575,31
1915699,1756476955,273310802380832316663473434275332017966599556625736870399407872459290423495,InvokeTransactionV3,278403318808361913036964203481613420676330050536303498017420814422236801876,53
1915698,1756476950,2160084365449669771440562758559176991998392061693301718689298556186219984564,InvokeTransactionV3,2059897478043580672665236885611175842824744134513779397714428380582810043423,225
1915698,1756476950,584488682439079413696199343075957813077295931519576043453944253792955888328,InvokeTransactionV3,2184685061616604059367668994770513287370361335533443019802473088765269565395,7
1915698,1756476950,1613272929431499809150691509216682566061514938704355897204875836624877601466,InvokeTransactionV3,2254550825434981103094553144523099392393465795544800575375679639890779011203,142
1915698,1756476950,3189102135070329365316614472589916124871214187513539409643558039035744090289,InvokeTransactionV1,1737881900447773585882778165140964293947967054135219395418403651852579039438,31
1915698,1756476950,1048350661119198397735221605991690967905229650757913041703938863735528726030,InvokeTransactionV3,454745144492035470672929492734701891462109187134654001007538571870907028764,142
1915698,1756476950,1385373132124133775050547279832365886631430030925280421000831909908574453849,InvokeTransactionV3,1786294004227038423610733859636751481465138043994605138912374365366617065340,18
1915698,1756476950,62743616922673669933415528567713653535684438376864909344218405472024451121,InvokeTransactionV3,2333149233072038891240751670574223940282370554046219129156039053790278777971,142
1915698,1756476950,1583779209261510967356275463085355201380326250302446140077098104827031080728,InvokeTransactionV3,2059897478043580672665236885611175842824744134513779397714428380582810043423,300
1915698,1756476950,1990493202772709395278217296426929083655922515083767165006978421753982773684,InvokeTransactionV3,1488751737121510569071434415119970468357645648068635285372677704286231486178,142
1915698,1756476950,42904208901054288941902242796111727366011951698539794815512733741248571328,InvokeTransactionV3,836297942220344430069209471605758346230942657373134344126665339831507802087,142
1915698,1756476950,2523765740344924318192945923974203254428669515399995713490170040493190094482,InvokeTransactionV3,3073234035216500166230167811884023674731764537109564713758401148340997245051,7
1915698,1756476950,78885346826015085192890861575429367925054876191044570876712557739646867780,InvokeTransactionV3,3250729601449352829277048251896909773520864944649803107910988482034936073816,36
1915697,1756476939,2397199712551768531952123430793195247340952697164120485149063553835852008378,InvokeTransactionV3,2037963617864802643722100461639055594920082112760879382120254576391504774385,36
1915697,1756476939,2622099127121929198684108710258923579501343602224222519080338531422627577803,InvokeTransactionV3,594374830824021791539673175939321554193411002667494076931576242966956764006,142
1915697,1756476939,1471791472244474608002896330049277808673617472861012665704765375395220878297,InvokeTransactionV3,2568093686725830740395928804284356099577013221462136458344207935833796931512,142
1915697,1756476939,1287438299866478667379407924738686234819504306713758556627637606697891096294,InvokeTransactionV3,419005295056297768645737903890162260218923910802812424069810980741287683835,48
1915697,1756476939,1823925782180196423102154731628361182299922857576060327513483848481093973391,InvokeTransactionV3,835008144128620736965554256753750035747566701335755994698491192051755722576,36
1915697,1756476939,1723073679537611394724410151864737401546464204588813997160101559039093051604,InvokeTransactionV3,761854546844987953535374740549763810710256386469551051821360382290896353980,56
1915697,1756476939,1364062497500702327401400354760828828974225395062476486713597946649744896111,InvokeTransactionV3,1096655895462208704860220125764291837272693130158089134903968952924077288662,42
1915697,1756476939,2793942014832290718551686109440704715407103186413033843736443716137815613284,InvokeTransactionV3,2889371402767108254825141935836312439799734118019062277212480755663782090580,142
1915697,1756476939,3519165319291456863669001504082604542964532477316087916343538940460857769262,InvokeTransactionV3,2990286535851461998624050907174694644578412830041312205879364808864305372004,68
1915697,1756476939,2645870800686308903028426445552525181246691881098274188611158073801662715375,InvokeTransactionV1,1800225948729933428794673317569508047785717625028268891151848502549886258912,48
1915697,1756476939,2782388122087916220616049230938643224340938576484238940270567177457304613492,InvokeTransactionV3,999986630567195939662932797255610868864690096580835840050954603724094227890,142
1915697,1756476939,2510680178748113850570072424341862241734754377675628008052231273726797583086,InvokeTransactionV3,628889499581513979200778854224006920207920955336903296333606177292781241167,142
1915697,1756476939,12114078238851960878264842086882343130449439988147365182301931649591759746,InvokeTransactionV3,2378491950294106624479492666014473862705536133652559692500936993852958255719,142
1915697,1756476939,3321973851517056488044815419812129476432670409610302642314056082935817042918,InvokeTransactionV3,1520111258503786454180566693340249524038231091136877666159977787935029957836,68
1915697,1756476939,2978143776979230985204878221866670848944492458680063271806751054494635504261,InvokeTransactionV3,1472735198788533085928124395251574472524513140750742513642423273647228914606,142
1915697,1756476939,3414499834108184908464304801067747528572918016343791988402965205691512137535,InvokeTransactionV3,2514462807438605693902039572146293242849658445068107628853206220916391391499,142
1915697,1756476939,3268791348228211100027628536436887304028991309942457551826922499703720775384,InvokeTransactionV3,769496900650714182868972432903818175771756153547715989738245116257148047326,142
1915697,1756476939,1239850465843936967654132640718595900978690708514724177412537285090989948927,InvokeTransactionV3,1622354599449965505028723052128567598667782056739042370236179238059741088301,23
1915697,1756476939,1119918501977379878268819564071028322987170595961678824862484784904599952191,InvokeTransactionV3,2717867496912983835529061832729268298005315161890540274735048553839890061479,41
1915697,1756476939,2733793577589095051200624151388067315143671684375962128704520917479759927189,InvokeTransactionV3,2649999334247993964266148077626308489559204781586880968744157217793875705282,36
1915697,1756476939,803577287308082732888395990153162553646135401745216274284738821290314357786,InvokeTransactionV3,1096655895462208704860220125764291837272693130158089134903968952924077288662,42
1915697,1756476939,3538443485948703425109736586066461597070082637308894658819608746820430712573,InvokeTransactionV3,761854546844987953535374740549763810710256386469551051821360382290896353980,70
1915697,1756476939,2818763934271026437679550775830642955260546430483366655490143485600976206658,InvokeTransactionV3,3052583670890623833399019780425974172286400195138498804119914678916279427733,28
1915697,1756476939,1018176653052400306521681994358395254629351201957507828151999184644060380386,InvokeTransactionV3,1478467450655695400796882427825673734290804521664507547995199809758600630564,70
1915697,1756476939,2154137850487413362926122130361688993964794448801316919064176411333023695831,InvokeTransactionV3,2239720082773828676441875694241203156698942079930957304114145804127474664183,23
1915697,1756476939,216724470087146665578189929012359547387717562930630270491447531417481187172,InvokeTransactionV3,2659214945941551041891217350136655154073807316955841217325150592701082274703,35
1915697,1756476939,1919913079319558644979093994409143748008610849652570186207905863039702073478,InvokeTransactionV3,783662436006878707199102420944472534454658149103496126815717602565792655087,35
1915697,1756476939,162602182806806442881669796004042922037338037728353341012764656428029162633,DeployAccountTransactionV3,,0
1915697,1756476939,608930244039159086633425614240898023717884896140015285425442355789051254310,InvokeTransactionV3,1478467450655695400796882427825673734290804521664507547995199809758600630564,63
1915697,1756476939,3571359632234028521643929268644321297580247575424102136115626125060744891914,InvokeTransactionV3,2131835459449966730240602148287477965711891714057478073933818269698801131122,70
1915697,1756476939,3448079163231486860040722875265826288716597126166989298989975369280441161768,InvokeTransactionV3,3611507615582999697475144612299904204418091325507760532664936055873010612943,36
1915697,1756476939,390811011928768629910457917965438349178512052081152011928379400524782551318,InvokeTransactionV3,2795421772683591210708713944769092516600490630511273601799842951392070136649,41
1915697,1756476939,3367758369400567976571631234644353933059594073470947213829451281278674376232,InvokeTransactionV3,1096655895462208704860220125764291837272693130158089134903968952924077288662,56
1915697,1756476939,780421375580135717120919997902993371105917440365913183381730793135641183047,InvokeTransactionV3,2125614391587405058955513760122153950424311504435019574323385646912612672409,49
1915697,1756476939,1327380199497437778934892649217868434402690818407012995947257342038833519418,InvokeTransactionV3,1579717321292891335762212809631183889908265087581172394200765016948750757310,142
1915697,1756476939,2291364948284345162276300609836053128218057379979039434975238593102237441440,InvokeTransactionV3,761854546844987953535374740549763810710256386469551051821360382290896353980,35
1915697,1756476939,1474321497495723633328502599115913474165936612117185251536438155055832013933,InvokeTransactionV3,2148497982249234377555421995957511992834951828767203451400212333436692911627,142
1915697,1756476939,2009739840341621393915536995062280783520538541509028010566026456466616086130,InvokeTransactionV3,1096655895462208704860220125764291837272693130158089134903968952924077288662,63
1915697,1756476939,2233132957933627499949327457605813098045695833091991149015371171750684269055,InvokeTransactionV3,1478467450655695400796882427825673734290804521664507547995199809758600630564,21
1915697,1756476939,3119316812085290176709171476763342111331456838462003478991687467062343958162,InvokeTransactionV3,167690615280142305966611015088845934509453794826739386188052715984327186500,46
1915697,1756476939,3021761463000739786643214138586667569107484845348447284602107447129693876548,InvokeTransactionV3,2594910180721932663036564475564109787068352035046139861515703960539817679018,46
1915697,1756476939,2547795030102514288134966400783648905602651221863931757186300799777376833658,InvokeTransactionV3,2168649558266032599487364047315818674621932714202407902005538134237761060922,142
1915697,1756476939,2406248021831904967893404588000655217860845380640062016386716115928792829485,InvokeTransactionV3,1944478833343764953163428606566731559904272329364673169078116733369771180395,4
1915697,1756476939,2351426891356198678375886875179732680349634532637883380962315982949314877811,InvokeTransactionV3,761854546844987953535374740549763810710256386469551051821360382290896353980,42
1915697,1756476939,2046286628511747550629707827246909617864815823190685291318163510555842230153,InvokeTransactionV3,1811795980557727709680678913801586273834176236648024391065242133165851197643,142
1915697,1756476939,2719558247758936586518814796458068584748038359302511790460099276495708835050,InvokeTransactionV3,1478467450655695400796882427825673734290804521664507547995199809758600630564,21
1915697,1756476939,621300146147436327576062080673718007027425403948512362323343012496324519211,InvokeTransactionV3,2279478131005798546571489762345449721009942923624635910596275003534050606420,21
1915697,1756476939,3308600652071308112641417103990147773152029008864697200299930735117784835743,InvokeTransactionV3,750416004864020885932932055323167204615351964736722132966145320008687783479,48
1915697,1756476939,801786322439727085226566032859246778824796947068195909477158779048516050911,InvokeTransactionV3,1475888945196867119940181702783413768912439958398647927506491097542699893922,142
1915697,1756476939,2371291628485687027082402839511188597274310911950139296257210574893598759885,InvokeTransactionV3,2131835459449966730240602148287477965711891714057478073933818269698801131122,35
1915697,1756476939,2236716989061930100647034247472253599581516773739019089720831338835933380786,InvokeTransactionV3,1568206587456104863588092878979247805619783546708031620190240304491573393648,142
1915697,1756476939,1941509843056999416099097945596171685863446987234563361371730337201420533239,InvokeTransactionV3,1422912997609690038268715398134064602275709261825770291889201048670303379471,142
1915697,1756476939,2003914238104058486113418905972940751438696979565356654852801072440374585178,InvokeTransactionV3,2779426918932378625137830027091145415363140169998684324787960156850060096380,142
1915697,1756476939,3317980448212402870818018438602008224051755889124203085646166383761530397952,InvokeTransactionV3,348712338713938333911214478999389594955836822965754865065486694197681085416,142
1915697,1756476939,2847014845591671937217388543421332066544579815050163246366775219393460365919,InvokeTransactionV3,820570132733836967167185745529642804512416674284956658038564464710426219383,142
1915697,1756476939,201213346873749440493045500594799272780539215769695819390584885971865598882,InvokeTransactionV1,1469015109843918098477336928002006537996781614116235938617336651555266264026,9
1915697,1756476939,1816739665740096894575626419880855067828910422541450891318434065392162557990,InvokeTransactionV3,2975234206274765821864335189607441991271485580625311429217397289840455473682,13
1915696,1756476938,3091176767636098579291191830880362632025925597428656790004622165835605191998,InvokeTransactionV1,2741441495117178862169544871518680925414740569832535206848598191699983308575,31
1915696,1756476938,494622840402989275220992897193952898581540074845002585811780268216296935132,InvokeTransactionV3,2718404973789004112021082440288556335599785563918147041125065883248840374466,142
1915696,1756476938,2013601847806901008266416349658774855592874284538460320750022805739623722553,InvokeTransactionV3,3300923151845882817370461858715145809576220079151655858072496845308372919378,36
1915696,1756476938,2806780100832831132754061330808761988375016064731138833373297903942418353472,InvokeTransactionV3,3252096210731519115629840545720911681604283325715485718973581648169170276079,36
1915696,1756476938,3392044696832572071248495800121565777338188131185618966819568368508721531393,InvokeTransactionV3,414057284311500656426288771457722775824083976354752878445577386821471171700,36
1915696,1756476938,1051586196872696639785852393763663070313640459905862940724863031502669915034,InvokeTransactionV3,2857673853812765299937321297758067454574819434071367398525720978432201817947,36
1915696,1756476938,2326924340115766872200593345866415619876657206797337391628236850972526754214,InvokeTransactionV3,3330397257410121841405332900106865714780170952886499924372802438485068216414,36
1915696,1756476938,1287312265242987961773753319925676672047565770448943982885143189012137331414,InvokeTransactionV3,2717867496912983835529061832729268298005315161890540274735048553839890061479,32
1915696,1756476938,2662982540325660364554145467450764021671840246208104256165534207083573922695,InvokeTransactionV3,1622354599449965505028723052128567598667782056739042370236179238059741088301,32
1915696,1756476938,850170327782060596226658223470286774822091029219012355168897858648249443380,InvokeTransactionV3,1478467450655695400796882427825673734290804521664507547995199809758600630564,63
1915696,1756476938,189043326547805803422245387735110329340868679631801720823373448728280458375,InvokeTransactionV3,2239720082773828676441875694241203156698942079930957304114145804127474664183,25
1915696,1756476938,1442433622646659991734537415361697608473396942980615467889278426874376153203,InvokeTransactionV3,2659214945941551041891217350136655154073807316955841217325150592701082274703,32
1915696,1756476938,1326474277603581871726533733907642227371851551684549174747627645752130237821,InvokeTransactionV3,1478467450655695400796882427825673734290804521664507547995199809758600630564,63
1915696,1756476938,923188508959546460257935116684974629021629006095922736618319359436885786660,InvokeTransactionV3,761854546844987953535374740549763810710256386469551051821360382290896353980,42
1915696,1756476938,3251589570465199682396924513674800069679082365052820106036717857231265013135,InvokeTransactionV3,2478679625277172059682527496509300411881171242761000956012719872836246516383,34
1915696,1756476938,1273296543483020836409319689422435646695810590073772860593133026918080312371,InvokeTransactionV3,3502353814773364462503399830688508330502197882753791729521481879847151449533,25
1915696,1756476938,3299250921698377289968253008688836325358051949671564782353427153105936593772,InvokeTransactionV3,117403100347278582773613953565704163404788654996792002610959060306279481481,5
1915696,1756476938,3590021962196289359481760660166654308525492663594219686949255683588624002788,InvokeTransactionV3,1526816855765827529970231143717148130667709663504843351112046985998794203004,142
1915696,1756476938,2745310133142819306943966695528784104321769173380810669405363030240286955761,InvokeTransactionV3,3425079426140048915732505638584717135675943927080121453287391706895366239459,142
1915696,1756476938,1894737948769185584242441473368143042699515451282389711893594886812447595985,InvokeTransactionV3,3112635435076242940058261097314400117978331386792195676792228448663306284149,142
1915696,1756476938,3529033267297306981274492582233615275881388353157930930457711405674292135562,InvokeTransactionV3,1602972409882769278503575050732485998560855462628669570673978489731609117756,142
1915696,1756476938,1437837994497115533681115325984823348037345943502923643828884266954889059793,InvokeTransactionV3,2802748527470849112120779822214832365254218930341545330756539688647709907505,33
1915696,1756476938,2515370818564113834569996330750716261137213378036640821156811112801401017634,InvokeTransactionV3,2990286535851461998624050907174694644578412830041312205879364808864305372004,48
1915696,1756476938,1009730223188473851705708768125983478252392428554398079386626804000258895580,InvokeTransactionV3,1619284416834984347503805244603889118809512617337552065325020262167283018025,142
1915696,1756476938,2930821022524145569573588344164715306630395438971583783630117541485126283138,InvokeTransactionV3,2546242447484760777720725310487452235333132473545823810724125743680346889998,142
1915696,1756476938,3086182355094586973002348687210338247221856652948721300546227117658869238909,InvokeTransactionV3,556537878415588788516327319825289500650752745218834482883117246287150959389,142
1915696,1756476938,171069501168264246982231038160684382387927296472749197776590610582125893815,InvokeTransactionV3,1786294004227038423610733859636751481465138043994605138912374365366617065340,28
1915696,1756476938,3064165764308343076903379870027002535017065454318634150334713456771224877496,InvokeTransactionV3,1520111258503786454180566693340249524038231091136877666159977787935029957836,48
1915696,1756476938,976749619101016603586549218389584444825834921606532963061806574382789169518,InvokeTransactionV3,2986033806519633911936900487142149203975463842801292103666078737674242875486,142
1915696,1756476938,3448730965403285647136887871180949194322761694061616137711712867020535171474,InvokeTransactionV3,3336505653317385083430837576561859967358989346620889194396176263652292101390,142
1915696,1756476938,15928964352341973765345739102516649170213181515063051271331370948198785810,InvokeTransactionV3,3096925709373940184863067016097256665694991561338003834284317588572216727776,142
1915696,1756476938,461921286533257933307505032755037393529101636007218974936838502237425938084,InvokeTransactionV3,2396832492297517005269826858512977082371898302077771229988701260460360021088,33
1915696,1756476938,2181392265078348026732909282477328347560826515417065293748670175359058945075,InvokeTransactionV3,2938754798460571989291611177803528576050882632306672495342750608016934284733,142
1915696,1756476938,492242847847574657238828784663215278893516769393767509587786543842396015103,InvokeTransactionV3,273599142370843914565674819415085713883219132804799838971143309678180405915,68
1915696,1756476938,1366684679553805430023292314404783754709127394710269159954561617807962396153,InvokeTransactionV3,1520111258503786454180566693340249524038231091136877666159977787935029957836,48
1915696,1756476938,2757907488521889150059668718252540356282923730525122826425151087175664416968,InvokeTransactionV3,901355679034582952693562782097790026946098855700346089534204509014187330530,142
1915696,1756476938,3332678312446783353437265319071777397307288674579188123850648151153975310087,InvokeTransactionV3,888912601583101666278827201541445422001980266937157284699344511818257827007,142
1915696,1756476938,3422143261264062002233673624460207226520082098712154786973527823158123100137,InvokeTransactionV3,838754148358009979272497721003300673451448386438670641326892658876825672653,142
1915696,1756476938,2629145402195569746382978643341704608074677450995845764300023834020096513220,InvokeTransactionV3,2456348776083222739599507445109641154404101426802452451707005218239712270071,142
1915696,1756476938,32230377465633801625642763065812391957374309757112531773366924924478300121,InvokeTransactionV3,908853739719837439544779829463591939390724058756193023965455285173046570020,142
1915696,1756476938,1428722987017512808289550548788321933941447798383412137815395754547467340960,InvokeTransactionV3,743716884972321877716185799611470743748554263493000308815894207690175152036,34
1915696,1756476938,1548855038758990231301424125436856114791458975004293113142402121844471804142,InvokeTransactionV3,1090588437745237010070438217835664483713118884930216307905103587389048291990,142
1915695,1756476937,431892511450942746915188712761334729661954944101924716455631442866389865577,InvokeTransactionV3,554911884914076215216083897173961035916461674927669088792409672758974654066,33
1915695,1756476937,2264043914811835517760662509569121419993154257871914628054768104110379451762,InvokeTransactionV3,1611540145997998616498955238400221699159844668349685904431560138261222840047,124
1915695,1756476937,2252387385997038080174757055647385714503243289961337935006398197019549110352,InvokeTransactionV3,2382141253361165375919438864552471530304767645988754887351108264011740466634,36
1915695,1756476937,1693796416935124219463939257118605279475236656747818979628271931230296376022,InvokeTransactionV3,3118196732931694223902157101447811079491787093179337723738587690701877174495,36
1915695,1756476937,233234915540884209615752896903327894184835880107299578321535933936152308756,InvokeTransactionV3,2629098405900153829707246781271004256714848476417298157554337282051810091082,36
1915695,1756476937,2987210734780908633664169128642265560172097646868326866873172235320833698166,InvokeTransactionV3,3071236620302122890216810842718631824828234814672583897477574989366636499958,36
1915695,1756476937,2909571906574936954432162877333118479475016089435027283468779996659733572193,InvokeTransactionV3,3250729601449352829277048251896909773520864944649803107910988482034936073816,36
1915695,1756476937,1280903035881844252195247583864062298902120373587784556267471618423603110398,InvokeTransactionV3,761854546844987953535374740549763810710256386469551051821360382290896353980,70
1915695,1756476937,1307923612591253543306480926038645758249277091719231098656632822412532484430,InvokeTransactionV3,1970311611208168020822968693155072860307260453850190232093433420024047859296,36
1915695,1756476937,1878524853233879918867924248581315963586945125398519239861449006425572498295,InvokeTransactionV3,2717867496912983835529061832729268298005315161890540274735048553839890061479,32
1915695,1756476937,2890099974442439271232218690316682130248313855002172642545934021290734875422,InvokeTransactionV3,2174004921270402064609855866337485310805726168422756725937577125135334812373,36
1915695,1756476937,3033079116065047028814690721758606765419503124468542947109973730067233586066,InvokeTransactionV3,1622354599449965505028723052128567598667782056739042370236179238059741088301,32
1915695,1756476937,1467372955985379079929316882710967204487327103554094788700444997784189110929,InvokeTransactionV3,770599947344060135029304185352653530358167978779103016933242860397512839602,36
1915695,1756476937,715618485244100587912004741175795637884213439859196210598267431511476247235,InvokeTransactionV3,2239720082773828676441875694241203156698942079930957304114145804127474664183,44
1915695,1756476937,1810769431867920426727135718310097202184042005733635799242380385101370303633,InvokeTransactionV3,1478467450655695400796882427825673734290804521664507547995199809758600630564,63
1915695,1756476937,1713912877983070820020181327228938210427839419315384397564878375479436679694,InvokeTransactionV3,1699340027028794420636055551973760561860043647937912167059801429249210687777,142
1915695,1756476937,405598219156553018034287310146762695116331294294786471640477819871123408773,InvokeTransactionV3,2131835459449966730240602148287477965711891714057478073933818269698801131122,63
1915695,1756476937,356635734746224622961762659543703782356770280850176644965781930503183007223,InvokeTransactionV3,2659214945941551041891217350136655154073807316955841217325150592701082274703,34
1915695,1756476937,114080462330529649903079510900064157761446641895562164052043154040780186587,InvokeTransactionV3,783662436006878707199102420944472534454658149103496126815717602565792655087,23
1915695,1756476937,3594567045731659022226828858543446152106952289258068718736886056199251569121,InvokeTransactionV3,1884589411886217666102098335113233529538717098009653079471905793374782136761,142
1915695,1756476937,761085621499116296459461645241478289043841291088864199536271523533530727895,InvokeTransactionV3,2670630840985589440045187554914252889815409523531859948677342441068194918313,64
1915695,1756476937,103022159694104968830319359151976200544653046153372412114086955334852116278,InvokeTransactionV3,1096655895462208704860220125764291837272693130158089134903968952924077288662,63
1915695,1756476937,3565283765347682242774930671851183763111571351837528560295223513331124970314,InvokeTransactionV3,634248969161976089039536075091952803325483143202365836865279132909783718954,5
1915695,1756476937,1738627738922950407471281553239153694653458089767866343114238114636715310395,InvokeTransactionV3,1361970220198548860049321565245311085964599734736638453363040921177013685256,53
1915695,1756476937,890517381984527856388009481561686898481770094952445380024273842420027840813,InvokeTransactionV3,2985364246000775674385138100406070071983813374887874873065292372430846633948,64
1915695,1756476937,1473692331527170803774573233560139676731551000509596245441372214123768207299,InvokeTransactionV3,175931644509222667943231920844540966547946779665357199251713530245673103780,142
1915695,1756476937,1732379134854785417376739098876943629325538550032209094024093695408627186894,InvokeTransactionV1,790201378166562193262812505680361204004349941814610912107282015180008905984,75
1915695,1756476937,1289161914278904960872954730313096773750546205775465144550997130052658665267,InvokeTransactionV3,69117410215373592956519363009004001871007510132295813377045215949070043013,48
1915695,1756476937,1511093598074130506175112967874967980806760616772983798733542927938698961105,InvokeTransactionV3,3470732709756079831666723988963752703783484242941469522814759590133242796801,142
1915695,1756476937,1265130717020893826962454998846002270896253596192875438813998032826042063442,InvokeTransactionV3,3554459283250376099192342585731350699944777910490019180777645944868445834942,48
1915695,1756476937,3349258953739279680664279469784804822831210953948511278056102415752112152005,InvokeTransactionV3,3554459283250376099192342585731350699944777910490019180777645944868445834942,48
1915695,1756476937,3337032124603549738883201088492275391747111473267833155608689473118901143041,InvokeTransactionV3,377775607717778869850596130199817686326364417143920642937188471857485942866,142
1915695,1756476937,1320912384212605359136513195518293316340045479665243643744736150226702544044,InvokeTransactionV3,497913336702397300580476188018294619280384939190225515705643637096825811293,142
1915695,1756476937,3236291597734939955532264222251191015662036517289089120822522849887280137837,InvokeTransactionV3,273599142370843914565674819415085713883219132804799838971143309678180405915,48
1915695,1756476937,2912254261308066392989257252116374401938991784745721135150228023594666944267,InvokeTransactionV3,478462229296705385681427418017849841476699331539071666633797006080475789446,142
1915695,1756476937,3268333590581668143242863063714887154921382978755513815547782076725506647873,InvokeTransactionV3,1695830090761954247513719666839662687584402477546528049819871853015159562264,142
1915695,1756476937,2956085970378358092119434067498134302086527696072653323253365786776809883483,InvokeTransactionV3,608908386301875459993952289723553875052263525681214487048717186444700741303,142
1915695,1756476937,587515994320965061373497133096799890127171559586345988483875240446733241907,InvokeTransactionV3,3172216328020601480261500693392492775271136753004627682479189528902191477452,142
1915695,1756476937,884608060181470518530980472622179598373647567958958115496848520597700776200,InvokeTransactionV3,3554459283250376099192342585731350699944777910490019180777645944868445834942,48
1915695,1756476937,3421989554757934317134898312096846707720474237544812092039148030822126517507,InvokeTransactionV3,2676249390448503681418157974269275553784545261159308406523552959268418661969,142
1915695,1756476937,3076419358218646970110858208057131721579641176352995905951673814468260881094,InvokeTransactionV3,2405459135185155742589700211702086923567954398465431191862040644415301899526,34
1915695,1756476937,809403218777758222265867821398204170376655053679993355155805780398609971564,InvokeTransactionV3,1608273141490559537468937903260751650044373974645521435151505116514480405201,142
1915695,1756476937,2843655439626939643435250164675193349625306729263591295534679978119399215784,InvokeTransactionV3,2917322091339251438248316602010061547673044787942770808049018879897666656829,142
1915695,1756476937,132665898883455326165026520982726613725539246842771105754085005584383815386,InvokeTransactionV3,311363287279520765303814500052472578512881807497972995422214939790857176469,142
1915695,1756476937,2419227966961121415734181443847443500395481040427708591098373364437837892889,InvokeTransactionV3,1520111258503786454180566693340249524038231091136877666159977787935029957836,39
1915695,1756476937,2879169498439782345605659433820277470174631418857261205992962073604511699672,InvokeTransactionV3,1002895043588139540186162166102929463276465064767453749455454992810350382283,142
1915694,1756476936,1437590398441830654374013914990678019842000249492587722181396367717065907146,InvokeTransactionV3,2692061953398481730755003374833135988667736232102572418748128330503272466567,133
1915694,1756476936,543258379649768976308363595204462510548958337540162707150266109502734099725,InvokeTransactionV3,3395871580912114509231614293638825068339103598883181443935427919062851543719,7
1915694,1756476936,2312205306158053368591945524750119322480860575983642058460710868345533699986,InvokeTransactionV3,2048158089378621441761086019036152458238080771792438875501527481000365671550,142
1915694,1756476936,2746051827457272694285770596536434025008243087705564791950598334907169383828,InvokeTransactionV3,2059897478043580672665236885611175842824744134513779397714428380582810043423,289
1915694,1756476936,2574606604446136994042717034770033463819770126604427855270181529581205704847,InvokeTransactionV3,641637380734357703896796588231125606192722509625274644602935814729900300436,142
1915694,1756476936,3409634446424967281185848413656616594359294026312450723550880366131582950857,InvokeTransactionV3,48170069564494315157161478024143568564874027868239631441701979130542711638,142
1915694,1756476936,1383068725604458508241229400042565437617465949080955481358938858918524459064,InvokeTransactionV3,2846661975884899197157049809615624708973594785330428758060138211025231530508,142
1915694,1756476936,898008276661133486276353582455837782656414843518552473390380648661253845970,InvokeTransactionV3,1939283203451214902318543765167930240274126711418442820864011949089948699440,142
1915694,1756476936,301494736221489402972375790017448515918134822512302879513984262507987899825,InvokeTransactionV3,2522673688815866285583009822218209664947945940342461023986173291408624276190,142
1915694,1756476936,2340660917668726655752709521594737252620210985576627008131298945476775056081,InvokeTransactionV3,2125614391587405058955513760122153950424311504435019574323385646912612672409,49
1915694,1756476936,1452083503062216296160771027075857579600528408781432758335552697619306956405,InvokeTransactionV3,940059999082610209362842876651292633320232400325088466009281529671725759808,142
1915694,1756476936,991148070718738396334170636716617802937672338495153832970023343492489857645,InvokeTransactionV3,2442068196829782899387806670860344627409117868002226161145548283242625220959,11
1915694,1756476936,833096735655640131387922140450886441782736309097257726844284684106897495182,InvokeTransactionV3,3554459283250376099192342585731350699944777910490019180777645944868445834942,48
1915694,1756476936,2597797174637098531568251020032042584207662735765331010273762221115996192800,InvokeTransactionV3,469891287620022958512575658274468259811963252509122478737415215524571704593,33
1915694,1756476936,597056131121804824255274718951283729408024700934553203136026563270617583612,InvokeTransactionV3,1151261233323788896724973827027377249188974522159816125991984124705994670535,17
1915693,1756476932,3578233695602320031539005047847525007016213865925967988970316212977798658150,InvokeTransactionV3,2059897478043580672665236885611175842824744134513779397714428380582810043423,243
1915693,1756476932,719197984870995705851559713509136643880412635061671667204556514391427510819,InvokeTransactionV3,993960997914408020846088380498834512196995602421301815057793664447998684834,39
1915693,1756476932,964340889498949331589680111482963022753380429889479036797007960622531271860,InvokeTransactionV3,750416004864020885932932055323167204615351964736722132966145320008687783479,48
1915693,1756476932,394086361548842313386565839079800171343416368788930223012619544908452753888,InvokeTransactionV3,1410516323007969262796135080343148826803115300611336347340749391905550361242,39
1915693,1756476932,365227365537545786931409232765316480620451454279642301003206352771140167614,InvokeTransactionV3,2457079562930625953771774165213237449599041201374710720206054122848590652711,142
1915693,1756476932,1982181510287767981578778170371715079230613330381516365301448743173390797052,InvokeTransactionV3,2059897478043580672665236885611175842824744134513779397714428380582810043423,225
1915693,1756476932,2135722946409352936973286748503086268980410509734593647268807795661540010719,InvokeTransactionV3,3159882738829629536275227718402558041479040276670887275491319192769056721051,142
1915693,1756476932,3575346330680611828503517246833336913420703920417154792060105959794848453840,InvokeTransactionV3,1964177789519981715461484142828873418645379242014676977415780383392732948161,142
1915693,1756476932,954331922495832095887270054062516635867402794786830019464174165480950085444,InvokeTransactionV3,69117410215373592956519363009004001871007510132295813377045215949070043013,48
1915693,1756476932,1489235986572772319118468547519405422162977371495655783316537817063786016046,InvokeTransactionV3,3343450347081430366722251699094372053997130470328697981800128067211261129119,142
1915693,1756476932,3027331272401779055451129311929202882773467016956541217353226651833433476703,InvokeTransactionV3,2059897478043580672665236885611175842824744134513779397714428380582810043423,314
1915692,1756476929,2200673320566192084660447686270695264937731947517650939156776179758112829335,InvokeTransactionV3,2059897478043580672665236885611175842824744134513779397714428380582810043423,289
1915692,1756476929,89857639726164795375383753837435002683963708229574459002894768612834210269,InvokeTransactionV3,1520111258503786454180566693340249524038231091136877666159977787935029957836,48
1915692,1756476929,2719790503584970802407013082074586394070313915685102083354653557655015883259,InvokeTransactionV1,1469015109843918098477336928002006537996781614116235938617336651555266264026,9
1915692,1756476929,78808263323510650914376346647877088865959593319797389668847820452088559949,InvokeTransactionV3,2718246128731925246048966955819294186140552355250936738790588240114941430086,142
1915692,1756476929,898797090997666455684801254672948741273606327162219429414934175984310140292,InvokeTransactionV3,2059897478043580672665236885611175842824744134513779397714428380582810043423,321
1915692,1756476929,2708297973415086773932566228729068169361736999818026793648424708623313019141,InvokeTransactionV3,2184685061616604059367668994770513287370361335533443019802473088765269565395,7
1915692,1756476929,2513757098362834313536776164244117268602510467631592250527012514899544300621,InvokeTransactionV3,2157726890546511261780047415159246748724033197813868698608396124813783078373,142
1915692,1756476929,2196532235660160420985114596694900575810902885209171241962123217340515579278,InvokeTransactionV3,95704710994168485387576920346975619449521442221845455412454930030568190878,142
1915691,1756476925,1616932860354737341741522479196449332187596282924027392874134808645019443252,InvokeTransactionV3,2203451178029417241944886691807213992793066193637506469679371599822104139118,142
1915691,1756476925,1416845914942869597160454198360901266819121263529988139612021582845459936646,InvokeTransactionV3,928476056078262748217083034786285451351996057004372654394314423513782007265,48
1915691,1756476925,1502731833127859860872982867653509641943167850475510878272675327082517301663,InvokeTransactionV3,2059897478043580672665236885611175842824744134513779397714428380582810043423,314
1915691,1756476925,3185182491539421786921056521028213539565563774890123949848449211794407861241,InvokeTransactionV3,406180970915352962358445848827308228251824327280404889910221880748749127265,142
1915691,1756476925,3115266404640042566097473644195216521208452723828950319903864946365173520986,InvokeTransactionV3,2380748718725188615351542754626111567893190530000596966880826307832837034475,142
1915691,1756476925,1586292895249973375334143595972402627148155299756717219522498788891256598174,InvokeTransactionV3,767154923365649700101738147203168305698825907439859710469524730449662747905,142
1915691,1756476925,3314492069902698724980622478165570170049322719573922674760359768565082107412,InvokeTransactionV3,1786294004227038423610733859636751481465138043994605138912374365366617065340,28
1915691,1756476925,355714636783440918335301465365651122828546554693157499647926330992541381834,InvokeTransactionV3,2059897478043580672665236885611175842824744134513779397714428380582810043423,257
1915691,1756476925,2866019771508584289728662660840868128184509652033873506421391927273317071399,InvokeTransactionV3,56898433671594154777304006966289033261559293230817145534450033901432696725,142
1915691,1756476925,2420332674686691760106061911942152148444404924408968445941409944207312842646,InvokeTransactionV3,3314915660435963679383193601082179570154927181179297403036471922686901173787,53
1915691,1756476925,2302579081723717264618273511804025483531482121640572892702517148287614005226,InvokeTransactionV3,2717867496912983835529061832729268298005315161890540274735048553839890061479,32
1915691,1756476925,3064426893524224262122094276218155254675223170961185988130979090550996727303,InvokeTransactionV3,2339377616596143390048822603495548345453100840675054438703975738237206693278,31
1915691,1756476925,1069079408564877621672484289510762189501938020157478694934494873738999623024,InvokeTransactionV1,1850004316098135133154081794533416463880541767584181505766621369501609921886,31
1915690,1756476922,91792066866464881076046839324498606212897336598457650384167650627645417480,InvokeTransactionV3,2059897478043580672665236885611175842824744134513779397714428380582810043423,417
1915690,1756476922,1855776210353668168481065791741867508437051692352954802471320305771305261727,InvokeTransactionV3,2303570777408852431560734445749896828346636135167200463458166320785588930429,41
1915690,1756476922,2540577653539681331426333435881863817464327506286899074240497833240511982822,InvokeTransactionV3,2990286535851461998624050907174694644578412830041312205879364808864305372004,48
1915690,1756476922,1737856198932801844745676239591854254302636994006831277035894499259523426440,InvokeTransactionV3,419005295056297768645737903890162260218923910802812424069810980741287683835,48
1915690,1756476922,2121889428042068611208830297908355856041495967761526487668974527673783878777,InvokeTransactionV3,1258382470447303878980818851597964799622355889383512220198108328436122960902,142
1915690,1756476922,1871859205248868234538108331232219782821490961096209589564077450790362637947,InvokeTransactionV3,3554459283250376099192342585731350699944777910490019180777645944868445834942,48
1915690,1756476922,2829164445890135402214967208161160413854290478459434892017525983761893121864,InvokeTransactionV3,99536441621792610925987411595079219136115992718421235170964731251294429130,142
1915690,1756476922,3200918414318431119501790249951911765150576251425880509775569119479502521818,InvokeTransactionV3,69117410215373592956519363009004001871007510132295813377045215949070043013,48
1915690,1756476922,1900585617372973136050855572540808151854655119214757904854177938581771751706,InvokeTransactionV3,3403196970778159871837563976822926986908891623473471554979574454184524379469,142
1915690,1756476922,3504042833890244411721308550674063924960798567711061023220092046454198394177,InvokeTransactionV3,2990286535851461998624050907174694644578412830041312205879364808864305372004,48
1915690,1756476922,3336492145003638093520421865242303425968094050652686336888768439519859909895,InvokeTransactionV3,2059897478043580672665236885611175842824744134513779397714428380582810043423,606
1915689,1756476919,3320972722008544332635344722013821108194888437243951520458037530817973594769,InvokeTransactionV3,2059897478043580672665236885611175842824744134513779397714428380582810043423,481
1915689,1756476919,1182440928389245439597872894376914258358880146471879488355364244724986406578,InvokeTransactionV3,3073234035216500166230167811884023674731764537109564713758401148340997245051,7
1915689,1756476919,444456683879189219969936380408449436909386755055541023590441035314037599953,InvokeTransactionV3,114455413136507650252370124516417920401232399039843559468470033221494579053,142
1915689,1756476919,1223397563779205613251150145852741334760616854173232353363870172405460340280,InvokeTransactionV3,2059897478043580672665236885611175842824744134513779397714428380582810043423,300
1915689,1756476919,1099673068391241772096590593609128125831112964214464612122761196917114853738,InvokeTransactionV3,2715971586910447775578016766589462632125928557815757185920746738918858535099,142
1915689,1756476919,3128702189451580181117206391644982531100635760241679044810241827939764668527,InvokeTransactionV3,419005295056297768645737903890162260218923910802812424069810980741287683835,48
1915689,1756476919,713292548500925334735176844917508315674541373515380888820869273688690509640,InvokeTransactionV3,2969226875377912802547992951221409605828741805795484991320377534573116298374,142
1915689,1756476919,338703498369727954668010639364233162349806089911359132520320823542284453778,InvokeTransactionV3,928476056078262748217083034786285451351996057004372654394314423513782007265,48
1915688,1756476916,2490105811135063171956800383453606695453317424711211126334816505778032963511,InvokeTransactionV3,2802748527470849112120779822214832365254218930341545330756539688647709907505,33
1915688,1756476916,2515415402611551720676865847616504985461206386854272779714098425405883853152,InvokeTransactionV3,2216490683841399671803916781070588163157507734051647926785241233398555572580,142
1915688,1756476916,2251605388773352740283182789252318442637583707938717473294060767288838284845,InvokeTransactionV1,2741441495117178862169544871518680925414740569832535206848598191699983308575,31
1915688,1756476916,2280756743000919130678794199316572242395746970376493039383096385711868720415,InvokeTransactionV3,1645538977313040797404982206570748772507917472441932431447717636054171722128,142
1915688,1756476916,2826614902955842184687860201865842935704821664653728684307137220864433372506,InvokeTransactionV3,2059897478043580672665236885611175842824744134513779397714428380582810043423,510
1915688,1756476916,3593803220744119531755547903591312459324635332099574629607706035760331929365,InvokeTransactionV3,773859291631536731101522545534913508609807359200443554497279705801491913193,142
1915688,1756476916,3370139859451465757634121088888820110324887259426760021944969126904294705269,InvokeTransactionV3,1205668430348890100568975837916806395094149708242986177096359523586412829924,142
1915688,1756476916,2904146119885265480533744293362479423824456304129742110990435513827991688400,InvokeTransactionV3,990291530924806779054185544933702420302475058695002097942171240216020245001,48
1915688,1756476916,3329402693671585648036466287967963030350687901562636138676529073998998232064,InvokeTransactionV3,1478467450655695400796882427825673734290804521664507547995199809758600630564,56
1915688,1756476916,734206080032732291495715359775735744328081766345588737860605534901561191217,InvokeTransactionV3,2717867496912983835529061832729268298005315161890540274735048553839890061479,40
1915688,1756476916,2758496327409609996375038618336335962045779603586582980193440206779328186921,InvokeTransactionV3,2131835459449966730240602148287477965711891714057478073933818269698801131122,28
1915687,1756476914,1583836419330849855216072930063144473528827950909254141653622762023038546313,InvokeTransactionV3,2059897478043580672665236885611175842824744134513779397714428380582810043423,250
1915687,1756476914,1676512947052768322349999955440565637683685401800752999757328235380735750567,InvokeTransactionV3,3257886105937956987661569945853640377538275634985800656983650993068887664990,142
1915687,1756476914,2481061708120661294966248461573299465384649097057478965347007084699253464739,InvokeTransactionV3,836297942220344430069209471605758346230942657373134344126665339831507802087,126
1915687,1756476914,62792199113561115785670246480845813237937818308312783362868193648785825012,InvokeTransactionV1,3373627209284979758566908513277610060096882660887603729931655632124548385721,33
1915687,1756476914,2694864798277633265754714783096290270206614334116128444393899177474799207495,InvokeTransactionV3,1447175067365619746903884897406700712773352686557224834087392612726575840158,142
1915687,1756476914,2526400567846714654887405683913465457076994770586717335149961393437100554370,InvokeTransactionV3,2059897478043580672665236885611175842824744134513779397714428380582810043423,467
1915686,1756476911,3314157984017052730870536927428507021480425680914165323290245690172759910407,InvokeTransactionV3,2059897478043580672665236885611175842824744134513779397714428380582810043423,300
1915686,1756476911,1544283483528562441767743956488849662912050844204370684841940261533524357359,InvokeTransactionV3,248389581526657944418814558949710496099312501421230166168896198252639051211,142
1915686,1756476911,3191763972827545820150873625676556432040525852784830046007073052865862841003,InvokeTransactionV3,1145748695467672988854972872107579031653960604294146615315838924017977573772,142
1915686,1756476911,3333882370485259586227587519554282417010181483910467472895198742361445000454,InvokeTransactionV3,3554459283250376099192342585731350699944777910490019180777645944868445834942,48
1915686,1756476911,1398711693016366398745641220259439842674595705551185413793170884283946178277,InvokeTransactionV3,1146243056451884379351386343163375526112457145987500520795512259125768376962,5
1915686,1756476911,3309591413006212514521911732985292568660983142831152662945744334647794862564,InvokeTransactionV3,454745144492035470672929492734701891462109187134654001007538571870907028764,53
1915686,1756476911,1592315466331841732886183336431489218768002660203273837287740972954292048575,InvokeTransactionV3,2059897478043580672665236885611175842824744134513779397714428380582810043423,421
1915686,1756476911,1972143064833599694589169735639215377714601567997558007896668949429122378836,InvokeTransactionV3,2333149233072038891240751670574223940282370554046219129156039053790278777971,142
1915685,1756476907,3500240079678907448966046054694494670221888322521162090958170882630665505513,InvokeTransactionV3,2059897478043580672665236885611175842824744134513779397714428380582810043423,789
1915685,1756476907,531043642346716176323485250128982676169466523875642997422009600851523345712,InvokeTransactionV3,2396832492297517005269826858512977082371898302077771229988701260460360021088,48
1915685,1756476907,231965465414459985128991942495614941403102010411067572725227670212121478749,InvokeTransactionV3,3554459283250376099192342585731350699944777910490019180777645944868445834942,48
1915685,1756476907,1746516985021232092035161748950553737115455123307870560017826668840701655914,InvokeTransactionV3,2059897478043580672665236885611175842824744134513779397714428380582810043423,382
1915685,1756476907,3331780295741006729154936261802446765223545830392469262660877385055634696148,InvokeTransactionV3,820570132733836967167185745529642804512416674284956658038564464710426219383,142
1915685,1756476907,1225497746005614972215856445140075224501750588289576840276350097353953203270,InvokeTransactionV3,2630464726619872961093173839502411294651115497850144204546246628380705923734,14
1915684,1756476905,3060129379924289597661530838511232719581291779015593658311266456888529424841,InvokeTransactionV3,2059897478043580672665236885611175842824744134513779397714428380582810043423,635
1915684,1756476905,2703570769610438192726757575560191461876799821563960603112584448251916665212,InvokeTransactionV3,2990286535851461998624050907174694644578412830041312205879364808864305372004,48
1915684,1756476905,2451233875437321747899727012516174688563499232356164873812354244808773762365,InvokeTransactionV3,2779426918932378625137830027091145415363140169998684324787960156850060096380,142
1915684,1756476905,1926673097351783893123406870559039543615945808414964770096351440121390200880,InvokeTransactionV3,1422532754084569031799320073139085874805215487222939727293215170364038213769,142
1915684,1756476905,3221781800683374179079035524738212735587211256101988114426773548389518769529,InvokeTransactionV3,1786997472943912276980584604955442943531282883165341434673746964536843590785,5
1915684,1756476905,1895970956186837637084248529952928848106954167505218015107653602537410605858,InvokeTransactionV3,3617563809027683035078722732746094905125229152812095583690998629048770713348,142
1915684,1756476905,713904000116917905665460669970273676111410342521035868050966748717342687159,InvokeTransactionV3,2628343496223957096148454138355111438501114321566422908816454769199591385718,7
1915684,1756476905,2743391181708480076390177034247068115999934390322294312797627926171102135534,InvokeTransactionV3,3597155163904169473457077529596508772702220720070242145549590514583085948809,142
