block_number,block_timestamp,block_datetime,hour,tx_hash,tx_type,tx_type_code,sender,calldata_len
1929540,1756568244,2025-08-30 15:37:24,15,2548976033935543762210615503862027294088395420431611675039517753590036986419,InvokeTransaction,0,0x2670630840985589440045187554914252889815409523531859948677342441068194918313,64
1929540,1756568244,2025-08-30 15:37:24,15,988180867366740643425718018995238444249875706475353039652532685473144129160,InvokeTransaction,0,0x69117410215373592956519363009004001871007510132295813377045215949070043013,48
1929540,1756568244,2025-08-30 15:37:24,15,896749456899114434626638231232790416140901387017358128394138677565860212680,InvokeTransaction,0,0x820570132733836967167185745529642804512416674284956658038564464710426219383,53
1929540,1756568244,2025-08-30 15:37:24,15,446355369941602732186540145247332016384739785147744547686100129405199551425,InvokeTransaction,0,0x928476056078262748217083034786285451351996057004372654394314423513782007265,48
1929540,1756568244,2025-08-30 15:37:24,15,195662023079944499223776598676049326254464305452809315289885770028539076674,InvokeTransaction,0,0x990291530924806779054185544933702420302475058695002097942171240216020245001,68
1929540,1756568244,2025-08-30 15:37:24,15,520261868305809611896972446832366055838771903251166850259517763465482510866,InvokeTransaction,0,0x2985364246000775674385138100406070071983813374887874873065292372430846633948,64
1929540,1756568244,2025-08-30 15:37:24,15,741339486280400612431768285212454018536471216104691076648005494209211605853,InvokeTransaction,0,0x750416004864020885932932055323167204615351964736722132966145320008687783479,68
1929540,1756568244,2025-08-30 15:37:24,15,3554015917480172012398882834391600960980957279535186902776294112492108393302,InvokeTransaction,0,0x454745144492035470672929492734701891462109187134654001007538571870907028764,53
1929540,1756568244,2025-08-30 15:37:24,15,1035596760928652083678341249028488325379236369802337484360359803474853637158,InvokeTransaction,0,0x1472019090114931473711054570624553378259941084308125376041906204293874332006,40
1929540,1756568244,2025-08-30 15:37:24,15,3196858031046774536080271076539294433764348141510313954229430421065149171483,InvokeTransaction,0,0x480435010446315883840438578877522761530389555098284169902231289323938321852,8
1929540,1756568244,2025-08-30 15:37:24,15,2439489102327829161544399407558950161207201649557121659027114816677649443400,InvokeTransaction,0,0x2396832492297517005269826858512977082371898302077771229988701260460360021088,48
1929540,1756568244,2025-08-30 15:37:24,15,3071383984258361954834311408866331302751798947118039415308836941178817184554,InvokeTransaction,0,0x928476056078262748217083034786285451351996057004372654394314423513782007265,48
1929540,1756568244,2025-08-30 15:37:24,15,3041301088666938205641376369980900296474846185333680708348441296304619588870,InvokeTransaction,0,0x2396832492297517005269826858512977082371898302077771229988701260460360021088,48
1929540,1756568244,2025-08-30 15:37:24,15,3164049416343246386780302431361526265264621361217614935149618104037319848739,InvokeTransaction,0,0x1520111258503786454180566693340249524038231091136877666159977787935029957836,48
1929540,1756568244,2025-08-30 15:37:24,15,2742019864483789507480954127920539731183999775483162353476432003131537207555,InvokeTransaction,0,0x2059897478043580672665236885611175842824744134513779397714428380582810043423,475
1929540,1756568244,2025-08-30 15:37:24,15,3140341567525723833778229212490692797562341135541408634999257242650314673003,InvokeTransaction,0,0x2766136791868139043012616215298240624350939456829067023407121737374678316099,44
1929539,1756568235,2025-08-30 15:37:15,15,3418850439248724982651448588084067761392235915173972394636966405387028961851,InvokeTransaction,0,0x2802748527470849112120779822214832365254218930341545330756539688647709907505,33
1929539,1756568235,2025-08-30 15:37:15,15,287294030803207575559236597171326095918077689574318508865269048857932685488,InvokeTransaction,0,0x273599142370843914565674819415085713883219132804799838971143309678180405915,48
1929539,1756568235,2025-08-30 15:37:15,15,762866073938933706590801427724693522086726119497142288102583977767334481930,InvokeTransaction,0,0x1145748695467672988854972872107579031653960604294146615315838924017977573772,53
1929539,1756568235,2025-08-30 15:37:15,15,2446604505438539909720901955211468637652945145501073949051728529879373293414,InvokeTransaction,0,0x1520111258503786454180566693340249524038231091136877666159977787935029957836,48
1929539,1756568235,2025-08-30 15:37:15,15,940818668205523079044502660602348246250121821827389142816086365109373735286,InvokeTransaction,0,0x2912581544778249468094913637127119015937916730797079628256480979241845222644,257
1929539,1756568235,2025-08-30 15:37:15,15,3334106394512379214826818197911871088182560365144705726475281362642494164596,InvokeTransaction,0,0x1800225948729933428794673317569508047785717625028268891151848502549886258912,48
1929539,1756568235,2025-08-30 15:37:15,15,2529705079599765094325974572309258354676383101312414704556071853338960706792,InvokeTransaction,0,0x1786294004227038423610733859636751481465138043994605138912374365366617065340,28
1929539,1756568235,2025-08-30 15:37:15,15,1800205083019071752210917162671258006581718706329826932390461880073353964305,InvokeTransaction,0,0x1478467450655695400796882427825673734290804521664507547995199809758600630564,70
1929539,1756568235,2025-08-30 15:37:15,15,853998742275540790058222098096267855248493626230471131660141210059887044930,InvokeTransaction,0,0x1520111258503786454180566693340249524038231091136877666159977787935029957836,60
1929539,1756568235,2025-08-30 15:37:15,15,1895858370092573693658224933342951106713253489182109007421656374996911893376,InvokeTransaction,0,0x554911884914076215216083897173961035916461674927669088792409672758974654066,33
1929539,1756568235,2025-08-30 15:37:15,15,1652436598480200603345683317022865601615221861075093222320437316136208211120,InvokeTransaction,0,0x1151261233323788896724973827027377249188974522159816125991984124705994670535,17
1929539,1756568235,2025-08-30 15:37:15,15,1015473113229986529797014089916037317978408340528063089927603500772103115329,InvokeTransaction,0,0x469891287620022958512575658274468259811963252509122478737415215524571704593,33
1929539,1756568235,2025-08-30 15:37:15,15,3611043388276236152540690072910653471146112096992386527706338599962607756886,InvokeTransaction,0,0x2059897478043580672665236885611175842824744134513779397714428380582810043423,386
1929538,1756568229,2025-08-30 15:37:09,15,3030233811707661234249785029907034114924185779869575321431423466521171229684,InvokeTransaction,0,0x2059897478043580672665236885611175842824744134513779397714428380582810043423,325
1929538,1756568229,2025-08-30 15:37:09,15,173529036766737007494884929676340809825087349284527241179414519744783258739,InvokeTransaction,0,0x750416004864020885932932055323167204615351964736722132966145320008687783479,48
1929538,1756568229,2025-08-30 15:37:09,15,1405116140812265612022798111194975846907196049230219706134442299540145132512,InvokeTransaction,0,0x790201378166562193262812505680361204004349941814610912107282015180008905984,75
1929538,1756568229,2025-08-30 15:37:09,15,813911976123734664619816542414233235487711229041050982986342439644503772150,InvokeTransaction,0,0x2059897478043580672665236885611175842824744134513779397714428380582810043423,286
1929538,1756568229,2025-08-30 15:37:09,15,3461722807324714943259905193019136877379361479627722821169982653680710200153,InvokeTransaction,0,0x906293467953950279858816137649925011354000870364107252460962552079665574281,8
1929538,1756568229,2025-08-30 15:37:09,15,417498382992637082117502919024291085184659039745498710416908037497097475889,InvokeTransaction,0,0x928476056078262748217083034786285451351996057004372654394314423513782007265,48
1929538,1756568229,2025-08-30 15:37:09,15,370359518415916480283822431135848744269702041289580936787253238020027040145,InvokeTransaction,0,0x1786294004227038423610733859636751481465138043994605138912374365366617065340,28
1929538,1756568229,2025-08-30 15:37:09,15,299672394114738989883525990497098727125508640426757073400660783712918039615,InvokeTransaction,0,0x248389581526657944418814558949710496099312501421230166168896198252639051211,53
1929538,1756568229,2025-08-30 15:37:09,15,171816705075028276112093559557597862888652672371511025415909519315882641653,InvokeTransaction,0,0x2912581544778249468094913637127119015937916730797079628256480979241845222644,285
1929537,1756568220,2025-08-30 15:37:00,15,3528812593652777368121719269427519234022298377537109038069623946717045423998,InvokeTransaction,0,0x2670630840985589440045187554914252889815409523531859948677342441068194918313,64
1929537,1756568220,2025-08-30 15:37:00,15,2866188772407087719882509045729782806150231904875555302419453500312628624107,InvokeTransaction,0,0x1472019090114931473711054570624553378259941084308125376041906204293874332006,50
1929537,1756568220,2025-08-30 15:37:00,15,1982466082298574641937439573444864835024739903454707595641880499359817128544,InvokeTransaction,0,0x2985364246000775674385138100406070071983813374887874873065292372430846633948,64
1929537,1756568220,2025-08-30 15:37:00,15,2704962298604810353490805203134001558046684888456592646268745692302407397720,InvokeTransaction,0,0x1944478833343764953163428606566731559904272329364673169078116733369771180395,4
1929537,1756568220,2025-08-30 15:37:00,15,175166782728492526309203861952850123381741687458947901158962398657879769800,InvokeTransaction,0,0x1568206587456104863588092878979247805619783546708031620190240304491573393648,53
1929537,1756568220,2025-08-30 15:37:00,15,673230349387684049585697366661200822620836237052233159541434208163350839190,InvokeTransaction,0,0x2876880134855147416517328541363995871862151117298659931185656133429634909403,31
1929537,1756568220,2025-08-30 15:37:00,15,2895306700533459176418915378728016093260035211127993930670127897059357538534,InvokeTransaction,0,0x928476056078262748217083034786285451351996057004372654394314423513782007265,48
1929537,1756568220,2025-08-30 15:37:00,15,2489155800635348717081245449209621005136292225091161606968253492049483314597,InvokeTransaction,0,0x1151261233323788896724973827027377249188974522159816125991984124705994670535,17
1929537,1756568220,2025-08-30 15:37:00,15,2872928083199486369109218088487402396508053917384214801182995790187961147818,InvokeTransaction,0,0x554911884914076215216083897173961035916461674927669088792409672758974654066,33
1929537,1756568220,2025-08-30 15:37:00,15,443919994795791790075958432361884304001633214814734272864171432414279244674,InvokeTransaction,0,0x469891287620022958512575658274468259811963252509122478737415215524571704593,33
1929537,1756568220,2025-08-30 15:37:00,15,1593729212420257348967129152689745560271309712441499721236039594828740972775,InvokeTransaction,0,0x3071236620302122890216810842718631824828234814672583897477574989366636499958,36
1929537,1756568220,2025-08-30 15:37:00,15,2295911765180837364378627281552015518165942888389778615248206104847062044130,InvokeTransaction,0,0x2717867496912983835529061832729268298005315161890540274735048553839890061479,23
1929537,1756568220,2025-08-30 15:37:00,15,807816089449379917805903951261012276080590364922998561160544666301554219252,InvokeTransaction,0,0x1622354599449965505028723052128567598667782056739042370236179238059741088301,38
1929537,1756568220,2025-08-30 15:37:00,15,1742925824524289986053914665543396509062244444548552254393543685356227745617,InvokeTransaction,0,0x1459122323880750615955050592885321669076718300545139463938920199494995403856,50
1929537,1756568220,2025-08-30 15:37:00,15,2196714307619615676172853082146789941489241436713256163199818005698742629995,InvokeTransaction,0,0x2396832492297517005269826858512977082371898302077771229988701260460360021088,48
1929537,1756568220,2025-08-30 15:37:00,15,3215373267566014044039897889872294749394859030383737679421137013573823832769,InvokeTransaction,0,0x1786294004227038423610733859636751481465138043994605138912374365366617065340,28
1929537,1756568220,2025-08-30 15:37:00,15,3276184234958509653696582741629920442375746359264967022508414105470912958796,InvokeTransaction,0,0x273599142370843914565674819415085713883219132804799838971143309678180405915,48
1929537,1756568220,2025-08-30 15:37:00,15,332782734488754273219440186513837881987000290360933765422285728230257336032,InvokeTransaction,0,0x2779426918932378625137830027091145415363140169998684324787960156850060096380,53
1929536,1756568205,2025-08-30 15:36:45,15,3368295242340513993364984936796849978328206027594200349557708573107349457461,InvokeTransaction,0,0x3073234035216500166230167811884023674731764537109564713758401148340997245051,7
1929536,1756568205,2025-08-30 15:36:45,15,1367049446887760515010196339555242557363751627110125585102728939455697916162,InvokeTransaction,0,0x990291530924806779054185544933702420302475058695002097942171240216020245001,48
1929536,1756568205,2025-08-30 15:36:45,15,826679907704597790442834457328329999550084956994290557993784236601489761860,InvokeTransaction,0,0x1422532754084569031799320073139085874805215487222939727293215170364038213769,53
1929536,1756568205,2025-08-30 15:36:45,15,2885278358410678410954191962586015973780819836173981794630949903074745952438,InvokeTransaction,0,0x273599142370843914565674819415085713883219132804799838971143309678180405915,48
1929536,1756568205,2025-08-30 15:36:45,15,1574559176515986435831170212743931523950085141603610618039799871399651377228,InvokeTransaction,0,0x2396832492297517005269826858512977082371898302077771229988701260460360021088,48
1929536,1756568205,2025-08-30 15:36:45,15,1647495675579149297730654981341994715168742390588247577992632095036683704916,InvokeTransaction,0,0x69117410215373592956519363009004001871007510132295813377045215949070043013,48
1929536,1756568205,2025-08-30 15:36:45,15,3288078886683125435193880187835049361508899656283428165386898556891124479072,InvokeTransaction,0,0x928476056078262748217083034786285451351996057004372654394314423513782007265,48
1929536,1756568205,2025-08-30 15:36:45,15,776160269393298794818314756322724543591276539021618158959961673323456324358,InvokeTransaction,0,0x1811795980557727709680678913801586273834176236648024391065242133165851197643,53
1929536,1756568205,2025-08-30 15:36:45,15,2036959227267662983811194923422265578942723490565320840361257321513936610848,InvokeTransaction,0,0x1520111258503786454180566693340249524038231091136877666159977787935029957836,48
1929536,1756568205,2025-08-30 15:36:45,15,2876659058679423125864249377410784107563214501704806477249928274931736496557,InvokeTransaction,0,0x1472019090114931473711054570624553378259941084308125376041906204293874332006,35
1929536,1756568205,2025-08-30 15:36:45,15,1866677181254432398949508051349349476115623329222527113390744649012964351078,InvokeTransaction,0,0x2990286535851461998624050907174694644578412830041312205879364808864305372004,48
1929536,1756568205,2025-08-30 15:36:45,15,3489808900259940177820597891380043052129469209850826384199690852774998669240,InvokeTransaction,0,0x273599142370843914565674819415085713883219132804799838971143309678180405915,48
1929536,1756568205,2025-08-30 15:36:45,15,3238806050385430109372235797357206719211106181368467598302131377777820873743,InvokeTransaction,0,0x2059897478043580672665236885611175842824744134513779397714428380582810043423,361
1929536,1756568205,2025-08-30 15:36:45,15,1582398609433464889134924769225752543774452640316623897849941511256927758302,InvokeTransaction,0,0x3617563809027683035078722732746094905125229152812095583690998629048770713348,53
1929536,1756568205,2025-08-30 15:36:45,15,133722252352938043584214168569523933009956102596195597570394876442357579043,InvokeTransaction,0,0x2396832492297517005269826858512977082371898302077771229988701260460360021088,48
1929536,1756568205,2025-08-30 15:36:45,15,221948932371539255669115872656037609364508235690353492067502727825178504945,InvokeTransaction,0,0x2059897478043580672665236885611175842824744134513779397714428380582810043423,154
1929536,1756568205,2025-08-30 15:36:45,15,649718362838276641028774347057454138569904252969224874367871854556283204959,InvokeTransaction,0,0x2396832492297517005269826858512977082371898302077771229988701260460360021088,48
1929536,1756568205,2025-08-30 15:36:45,15,1223943884205556134235820951820573314597844132039369840610418923810072728040,InvokeTransaction,0,0x69117410215373592956519363009004001871007510132295813377045215949070043013,48
1929536,1756568205,2025-08-30 15:36:45,15,141612707350845215327583310121809683072050936489622453027812366816677855836,InvokeTransaction,0,0x3597155163904169473457077529596508772702220720070242145549590514583085948809,53
1929536,1756568205,2025-08-30 15:36:45,15,1683014619584558485827714227844092330320158120783269986249003271955099573361,InvokeTransaction,0,0x2396832492297517005269826858512977082371898302077771229988701260460360021088,48
1929536,1756568205,2025-08-30 15:36:45,15,2805611257959764744974358535112247996913879602904418963660429209015365155566,InvokeTransaction,0,0x3073234035216500166230167811884023674731764537109564713758401148340997245051,7
1929536,1756568205,2025-08-30 15:36:45,15,424729325141732219865621896973188276681814508087445937604761216663388574535,InvokeTransaction,0,0x3554459283250376099192342585731350699944777910490019180777645944868445834942,48
1929536,1756568205,2025-08-30 15:36:45,15,2227967672112576598396964763218520224046725797697773617808219810745746403872,InvokeTransaction,0,0x2802748527470849112120779822214832365254218930341545330756539688647709907505,33
1929536,1756568205,2025-08-30 15:36:45,15,987101057938051580533605130231401019265998702972032031407317620744077653510,InvokeTransaction,0,0x1786294004227038423610733859636751481465138043994605138912374365366617065340,28
1929535,1756568200,2025-08-30 15:36:40,15,3257027297186076806474923981595350650874778267106966867458515475476091481388,InvokeTransaction,0,0x2059897478043580672665236885611175842824744134513779397714428380582810043423,325
1929535,1756568200,2025-08-30 15:36:40,15,215064455578634915969646886513371049578632204431089754915332845969237349735,InvokeTransaction,0,0x2802748527470849112120779822214832365254218930341545330756539688647709907505,33
1929535,1756568200,2025-08-30 15:36:40,15,3108142018211539590104238130548854329161361396845421004841678832063479703914,InvokeTransaction,0,0x2670630840985589440045187554914252889815409523531859948677342441068194918313,64
1929535,1756568200,2025-08-30 15:36:40,15,2247181552799933245995941159820371415453005705124402028103425510409598772558,InvokeTransaction,0,0x2985364246000775674385138100406070071983813374887874873065292372430846633948,64
1929535,1756568200,2025-08-30 15:36:40,15,1128707004974726056728491515355171027641374920937986752229836149147710458660,InvokeTransaction,0,0x2059897478043580672665236885611175842824744134513779397714428380582810043423,243
1929535,1756568200,2025-08-30 15:36:40,15,2275349157941017669224402121065050754354303472015324989528241591599895673712,InvokeTransaction,0,0x419005295056297768645737903890162260218923910802812424069810980741287683835,48
1929535,1756568200,2025-08-30 15:36:40,15,1455149291655515003185434270525640463319367955591773796420689338109699061640,InvokeTransaction,0,0x1151261233323788896724973827027377249188974522159816125991984124705994670535,17
1929535,1756568200,2025-08-30 15:36:40,15,2918461760992816591175333744544031548357460816847093961244114875605735352263,InvokeTransaction,0,0x2766136791868139043012616215298240624350939456829067023407121737374678316099,7
1929535,1756568200,2025-08-30 15:36:40,15,2930329759962423387139606272695087976247833341638199346216838310337247315817,InvokeTransaction,0,0x2990286535851461998624050907174694644578412830041312205879364808864305372004,68
1929535,1756568200,2025-08-30 15:36:40,15,905103407586173565732364402244437215974121782790890529418875577418436238170,InvokeTransaction,0,0x554911884914076215216083897173961035916461674927669088792409672758974654066,33
1929535,1756568200,2025-08-30 15:36:40,15,3064986911499145398822475991905345758974053369072379189459962741952555901792,InvokeTransaction,0,0x469891287620022958512575658274468259811963252509122478737415215524571704593,33
1929534,1756568190,2025-08-30 15:36:30,15,2575993508911384077362980517716860779294145078592146047646882859405731604046,InvokeTransaction,0,0x3011451831757030612133403693310810765523350817383830657719842713673093341292,5
1929534,1756568190,2025-08-30 15:36:30,15,1174707555253218956406644559831741092473319972426697644836531791669616629116,InvokeTransaction,0,0x1520111258503786454180566693340249524038231091136877666159977787935029957836,48
1929534,1756568190,2025-08-30 15:36:30,15,2191473563803165329719250679290727629951654775918219223606961544544498629777,InvokeTransaction,0,0x1894958812277018764320151964490449080224104920886710515710356396635699354366,4
1929534,1756568190,2025-08-30 15:36:30,15,1720558573392407763244494376515880091047425123154002760205649678907418590206,InvokeTransaction,0,0x3073234035216500166230167811884023674731764537109564713758401148340997245051,7
1929534,1756568190,2025-08-30 15:36:30,15,2688288209628791263736606920112235350344511802626000715546637145241068296433,InvokeTransaction,0,0x2990286535851461998624050907174694644578412830041312205879364808864305372004,48
1929534,1756568190,2025-08-30 15:36:30,15,1452733616699223770301704645333247667842440512619360320895912235611679393036,InvokeTransaction,0,0x2795421772683591210708713944769092516600490630511273601799842951392070136649,53
1929534,1756568190,2025-08-30 15:36:30,15,498308762677123260868573763839351088045537143550603306330927184409730537064,InvokeTransaction,0,0x69117410215373592956519363009004001871007510132295813377045215949070043013,48
1929534,1756568190,2025-08-30 15:36:30,15,2285281810939645853401822932824049969049668804511273533756192684628765793120,InvokeTransaction,0,0x273599142370843914565674819415085713883219132804799838971143309678180405915,48
1929534,1756568190,2025-08-30 15:36:30,15,447857131065882511679336982848532378622881416653552342005464794972475654972,InvokeTransaction,0,0x3426815516135634398726227757466201357729316123878906358349119901201819470830,5
1929534,1756568190,2025-08-30 15:36:30,15,1953197804245291850321006269601023800050745744046137147446244538637445839036,InvokeTransaction,0,0x1579717321292891335762212809631183889908265087581172394200765016948750757310,53
1929534,1756568190,2025-08-30 15:36:30,15,1005057456753846944224691110417040971394067314846773387417314523008302180573,InvokeTransaction,0,0x3554459283250376099192342585731350699944777910490019180777645944868445834942,48
1929534,1756568190,2025-08-30 15:36:30,15,2375236546290816249351840124618861561029010744327902283498312951554131501153,InvokeTransaction,0,0x750416004864020885932932055323167204615351964736722132966145320008687783479,48
1929534,1756568190,2025-08-30 15:36:30,15,677933447879969101697675215269694194287382316547180655310189118403254849990,InvokeTransaction,0,0x2059897478043580672665236885611175842824744134513779397714428380582810043423,236
1929534,1756568190,2025-08-30 15:36:30,15,2973430525531526845176184630812684940315019644135363796898080696631133690010,InvokeTransaction,0,0x2990286535851461998624050907174694644578412830041312205879364808864305372004,48
1929534,1756568190,2025-08-30 15:36:30,15,2903386056044338674651077519985827121016985219845807038813118544319754060448,InvokeTransaction,0,0x1786294004227038423610733859636751481465138043994605138912374365366617065340,28
1929533,1756568182,2025-08-30 15:36:22,15,1193695768358528687469972535893622466454959738930140561381628024138056314266,InvokeTransaction,0,0x2059897478043580672665236885611175842824744134513779397714428380582810043423,325
1929533,1756568182,2025-08-30 15:36:22,15,407914475960285465276137187416537684192646899635191012289395586505739184115,InvokeTransaction,0,0x1786294004227038423610733859636751481465138043994605138912374365366617065340,28
1929533,1756568182,2025-08-30 15:36:22,15,2641874922782926116046175181666114807610238495540980846833742016682405353028,InvokeTransaction,0,0x2059897478043580672665236885611175842824744134513779397714428380582810043423,33
1929533,1756568182,2025-08-30 15:36:22,15,3357392237760962687073044647471698760625968304759989102607421018164119447480,InvokeTransaction,0,0x554911884914076215216083897173961035916461674927669088792409672758974654066,33
1929533,1756568182,2025-08-30 15:36:22,15,2060627934833945174705009542348241849169330037054573597817088031402868628795,InvokeTransaction,0,0x1151261233323788896724973827027377249188974522159816125991984124705994670535,17
1929533,1756568182,2025-08-30 15:36:22,15,1427191029133674590818132322302781557260589151654682275072273359421899987335,InvokeTransaction,0,0x990291530924806779054185544933702420302475058695002097942171240216020245001,48
1929533,1756568182,2025-08-30 15:36:22,15,1693580286988291123959986894614143958167643942697106389346676792035904186663,InvokeTransaction,0,0x469891287620022958512575658274468259811963252509122478737415215524571704593,33
1929533,1756568182,2025-08-30 15:36:22,15,1482142148429305562773300294305000213456994018546595484562501606850977956579,InvokeTransaction,0,0x999986630567195939662932797255610868864690096580835840050954603724094227890,53
1929533,1756568182,2025-08-30 15:36:22,15,1709363484649476613387620405775259581806552576338348161581068583334056433653,InvokeTransaction,0,0x928476056078262748217083034786285451351996057004372654394314423513782007265,48
1929533,1756568182,2025-08-30 15:36:22,15,2438772036130270165439027560182363933362653877690097718416100206989793665480,InvokeTransaction,0,0x2911769313366184576976854616651607952402351987314043237372613555882922210623,53
1929532,1756568173,2025-08-30 15:36:13,15,2686402835334618545113594548461139986533801125300511525761821684032519942247,InvokeTransaction,0,0x419005295056297768645737903890162260218923910802812424069810980741287683835,48
1929532,1756568173,2025-08-30 15:36:13,15,773502047821459823770503331510565490425667429151537564425980133999751595282,InvokeTransaction,0,0x3319943726966296551167797084997808668021080677277677800711751630929153838247,34
1929532,1756568173,2025-08-30 15:36:13,15,2125478940876741348436409555525341316289747010871592329166826859605188681570,InvokeTransaction,0,0x1145857803733881764972089133507855670459310694247898752997084679113887347789,53
1929532,1756568173,2025-08-30 15:36:13,15,2739375490555885100828193487313215211811562316327653950895205940800060706748,InvokeTransaction,0,0x1007699867004271601845567076147657488660762809601056614160056493589719797096,10
1929532,1756568173,2025-08-30 15:36:13,15,3165860949678950400339172068053893049942709555224529675268752305780618527812,InvokeTransaction,0,0x2802748527470849112120779822214832365254218930341545330756539688647709907505,33
1929532,1756568173,2025-08-30 15:36:13,15,229778795706833941518928598242186984809268952558021314281084813368025905691,InvokeTransaction,0,0x221707240810027613005440001996201826972292775007593552154734976342949032040,53
1929532,1756568173,2025-08-30 15:36:13,15,1139138448161483354605129145470425409223602547725389757297197291946681415391,InvokeTransaction,0,0x2670630840985589440045187554914252889815409523531859948677342441068194918313,64
1929532,1756568173,2025-08-30 15:36:13,15,1473268997013045176742638758563847905382893182240515818114124105855677433511,InvokeTransaction,0,0x3073234035216500166230167811884023674731764537109564713758401148340997245051,7
1929532,1756568173,2025-08-30 15:36:13,15,3348123611906179172921818945305324744190236365865404217378057394566966927114,InvokeTransaction,0,0x2985364246000775674385138100406070071983813374887874873065292372430846633948,64
1929532,1756568173,2025-08-30 15:36:13,15,756024556263470718643944905540956063265364720160227625369192006029729234263,InvokeTransaction,0,0x1054260163895983199941846117899738562159622505575797202291830879110196787572,23
1929532,1756568173,2025-08-30 15:36:13,15,3030747629221914324100839477755010953765225958028804783376240910528600578773,InvokeTransaction,0,0x1894958812277018764320151964490449080224104920886710515710356396635699354366,7
1929531,1756568162,2025-08-30 15:36:02,15,1779049051142704280541200002008576177327946047724531468927149814798785845615,InvokeTransaction,0,0x466066355022723377050392120210688275123428767489937655856098267267380071871,5
1929531,1756568162,2025-08-30 15:36:02,15,2941461606659209630699398431231985374452554200078330229795403797764511559006,InvokeTransaction,0,0x554911884914076215216083897173961035916461674927669088792409672758974654066,33
1929531,1756568162,2025-08-30 15:36:02,15,3041538031651825139487511503663891112748683116743961134949849032406570948623,InvokeTransaction,0,0x1151261233323788896724973827027377249188974522159816125991984124705994670535,17
1929531,1756568162,2025-08-30 15:36:02,15,3288232520156716820620075959370200321675266697159218525549931382409273510383,InvokeTransaction,0,0x469891287620022958512575658274468259811963252509122478737415215524571704593,33
1929531,1756568162,2025-08-30 15:36:02,15,2722803168499640090940748341469911997103930251074924315121208710765036776120,InvokeTransaction,0,0x743716884972321877716185799611470743748554263493000308815894207690175152036,33
1929531,1756568162,2025-08-30 15:36:02,15,2069628357963321963298667988466185169680250416683293590287235686451595525795,InvokeTransaction,0,0x594374830824021791539673175939321554193411002667494076931576242966956764006,53
1929531,1756568162,2025-08-30 15:36:02,15,2269059277068792035443744315474064009295782103483574195686375453382571459775,InvokeTransaction,0,0x2990286535851461998624050907174694644578412830041312205879364808864305372004,48
1929531,1756568162,2025-08-30 15:36:02,15,1961824777200731671415266649975825232529858839780580729698658696406166594631,InvokeTransaction,0,0x2990286535851461998624050907174694644578412830041312205879364808864305372004,48
1929531,1756568162,2025-08-30 15:36:02,15,3398565448727194590296331217543129356416931200938376229768460297247200071182,InvokeTransaction,0,0x273599142370843914565674819415085713883219132804799838971143309678180405915,48
1929531,1756568162,2025-08-30 15:36:02,15,3422436936193541336962709238733827571486646812705047411578157207076927247356,InvokeTransaction,0,0x628889499581513979200778854224006920207920955336903296333606177292781241167,53
1929531,1756568162,2025-08-30 15:36:02,15,2372339183736682947510518631971839417091158879178654753966275575924312576865,InvokeTransaction,0,0x419005295056297768645737903890162260218923910802812424069810980741287683835,48
1929531,1756568162,2025-08-30 15:36:02,15,1875301240288427998184875523609167706699472901762032756851550411196617378096,InvokeTransaction,0,0x2990286535851461998624050907174694644578412830041312205879364808864305372004,48
1929531,1756568162,2025-08-30 15:36:02,15,2605879777229407449750158274687986340283425276704684914701796126585226799016,InvokeTransaction,0,0x1944478833343764953163428606566731559904272329364673169078116733369771180395,4
1929531,1756568162,2025-08-30 15:36:02,15,161070073160385606104959488071764712035999570527607928968531947754457598147,InvokeTransaction,0,0x2396832492297517005269826858512977082371898302077771229988701260460360021088,68
1929531,1756568162,2025-08-30 15:36:02,15,2968984377293971940684367308684790175814073813213345501190156302719612142719,InvokeTransaction,0,0x3073234035216500166230167811884023674731764537109564713758401148340997245051,7
1929531,1756568162,2025-08-30 15:36:02,15,2366323776328204669233583532550630106868449210145226167144293898655102884974,InvokeTransaction,0,0x2059897478043580672665236885611175842824744134513779397714428380582810043423,487
1929531,1756568162,2025-08-30 15:36:02,15,1478610656340074660326468854660221947984510937676029431103526014775556890880,InvokeTransaction,0,0x2059897478043580672665236885611175842824744134513779397714428380582810043423,90
1929531,1756568162,2025-08-30 15:36:02,15,1286887186741346375358055827943786019442114983858958335582069952617001446864,InvokeTransaction,0,0x928476056078262748217083034786285451351996057004372654394314423513782007265,48
1929531,1756568162,2025-08-30 15:36:02,15,969829865309048028492675619344606088191040863709255581414980508970299419622,InvokeTransaction,0,0x1894958812277018764320151964490449080224104920886710515710356396635699354366,4
1929531,1756568162,2025-08-30 15:36:02,15,660895619605445937102095477197249141681881635114483806436060288178734152345,InvokeTransaction,0,0x2396832492297517005269826858512977082371898302077771229988701260460360021088,48
1929531,1756568162,2025-08-30 15:36:02,15,2334261635857798352719677745317193829301276301664449426485696625980961150637,InvokeTransaction,0,0x750416004864020885932932055323167204615351964736722132966145320008687783479,48
1929530,1756568158,2025-08-30 15:35:58,15,2912561062736390746068741594759338522846892216767658756207796610256328288140,InvokeTransaction,0,0x2985364246000775674385138100406070071983813374887874873065292372430846633948,64
1929530,1756568158,2025-08-30 15:35:58,15,1862268689622471210056483774241782744715493845813603744797873434625695661714,InvokeTransaction,0,0x2059897478043580672665236885611175842824744134513779397714428380582810043423,33
1929530,1756568158,2025-08-30 15:35:58,15,2020693678049164612224399139488889931888097033995743625266361224769598381472,InvokeTransaction,0,0x419005295056297768645737903890162260218923910802812424069810980741287683835,47
1929530,1756568158,2025-08-30 15:35:58,15,25081866463698066597571788381427019945269920869585225333375105048067194923,InvokeTransaction,0,0x273599142370843914565674819415085713883219132804799838971143309678180405915,50
1929530,1756568158,2025-08-30 15:35:58,15,1040061964087813533833278891924527893781994600128238871816461384075449050879,InvokeTransaction,0,0x990291530924806779054185544933702420302475058695002097942171240216020245001,50
1929530,1756568158,2025-08-30 15:35:58,15,1869338285267756165182133760838995370689203450277840032515285422330938341391,InvokeTransaction,0,0x53586123035896273907246775941706387499272332227002910274442781947986777359,53
1929530,1756568158,2025-08-30 15:35:58,15,2861541926154349786383361018891343135916587268266972117601331846527047701732,InvokeTransaction,0,0x750416004864020885932932055323167204615351964736722132966145320008687783479,50
1929530,1756568158,2025-08-30 15:35:58,15,3045286044007826903988554305003141900548272865759757208381999956803061931424,InvokeTransaction,0,0x2396832492297517005269826858512977082371898302077771229988701260460360021088,50
1929530,1756568158,2025-08-30 15:35:58,15,2268005562659418089110248960152101951915027924322888795262009412124845517451,InvokeTransaction,0,0x3554459283250376099192342585731350699944777910490019180777645944868445834942,44
1929530,1756568158,2025-08-30 15:35:58,15,2319199875319637488380452711016917467881664566423524944860036275095720579471,InvokeTransaction,0,0x3073234035216500166230167811884023674731764537109564713758401148340997245051,7
1929530,1756568158,2025-08-30 15:35:58,15,1310941756539484074961714802494012548099111044070324070317255196609275060840,InvokeTransaction,0,0x2396832492297517005269826858512977082371898302077771229988701260460360021088,47
1929530,1756568158,2025-08-30 15:35:58,15,865134614172488273594237145856909323771018802231258056915771426089313239786,InvokeTransaction,0,0x3554459283250376099192342585731350699944777910490019180777645944868445834942,50
1929530,1756568158,2025-08-30 15:35:58,15,2261329659930879185838364549665006750199114550297788820799393988890295474335,InvokeTransaction,0,0x790201378166562193262812505680361204004349941814610912107282015180008905984,75
1929530,1756568158,2025-08-30 15:35:58,15,3272090541216341189382175095648603171072175656713523323104598676852087883570,InvokeTransaction,0,0x1894958812277018764320151964490449080224104920886710515710356396635699354366,7
1929530,1756568158,2025-08-30 15:35:58,15,1179909923626357660228267938028315011677161247408755562225009504287416953419,InvokeTransaction,0,0x1800225948729933428794673317569508047785717625028268891151848502549886258912,40
1929530,1756568158,2025-08-30 15:35:58,15,1534798358738572245409105599527977257346708420692940481265923966877459631561,InvokeTransaction,0,0x1478467450655695400796882427825673734290804521664507547995199809758600630564,28
1929529,1756568155,2025-08-30 15:35:55,15,447158503231773831048856921811028731417112858541654691226301930640261528595,InvokeTransaction,0,0x2059897478043580672665236885611175842824744134513779397714428380582810043423,257
1929529,1756568155,2025-08-30 15:35:55,15,3364424610783621111817983035182707166089306770958992966783929046428357294526,InvokeTransaction,0,0x278403318808361913036964203481613420676330050536303498017420814422236801876,53
1929529,1756568155,2025-08-30 15:35:55,15,2231451159145102831892343065079041488988944122000946919990070049970592677103,InvokeTransaction,0,0x2059897478043580672665236885611175842824744134513779397714428380582810043423,275
1929529,1756568155,2025-08-30 15:35:55,15,2564779665204328480289515702259721210297999997700786110443997890345050031971,InvokeTransaction,0,0x2802748527470849112120779822214832365254218930341545330756539688647709907505,33
1929529,1756568155,2025-08-30 15:35:55,15,3456568703802157898464042664015445311240176911303713533038785782467908322028,InvokeTransaction,0,0x2059897478043580672665236885611175842824744134513779397714428380582810043423,435
1929529,1756568155,2025-08-30 15:35:55,15,1442095445131143916792801596404246959406868888379591998046971176793963916608,InvokeTransaction,0,0x2670630840985589440045187554914252889815409523531859948677342441068194918313,64
1929528,1756568150,2025-08-30 15:35:50,15,546000292767858849515627998419856434205103142705667419942087859492620442481,InvokeTransaction,0,0x2059897478043580672665236885611175842824744134513779397714428380582810043423,774
1929528,1756568150,2025-08-30 15:35:50,15,1291314336158330708436302024222228793356860550280128759711048948493691220421,InvokeTransaction,0,0x2059897478043580672665236885611175842824744134513779397714428380582810043423,307
1929528,1756568150,2025-08-30 15:35:50,15,3180408632307965295246554344415273044084256353812102523177608903346136879691,InvokeTransaction,0,0x3554459283250376099192342585731350699944777910490019180777645944868445834942,48
1929528,1756568150,2025-08-30 15:35:50,15,135509114494772120189292799343678197630251042087890485972736990497824146347,InvokeTransaction,0,0x2059897478043580672665236885611175842824744134513779397714428380582810043423,346
1929528,1756568150,2025-08-30 15:35:50,15,873400796146186849375277912110552505815155655594363417288156908479898516603,InvokeTransaction,0,0x928476056078262748217083034786285451351996057004372654394314423513782007265,48
1929528,1756568150,2025-08-30 15:35:50,15,1838572183106192364446089827488539004838505236060853663436286026113147627822,InvokeTransaction,0,0x1786294004227038423610733859636751481465138043994605138912374365366617065340,28
1929527,1756568141,2025-08-30 15:35:41,15,761218878468402295988852500241778796289687265283030691973938159357247859269,InvokeTransaction,0,0x2876880134855147416517328541363995871862151117298659931185656133429634909403,31
1929527,1756568141,2025-08-30 15:35:41,15,1591416894804737259631029756855624211266670640266743246765889059617854197603,InvokeTransaction,0,0x3502353814773364462503399830688508330502197882753791729521481879847151449533,30
1929527,1756568141,2025-08-30 15:35:41,15,1588361820546291835519283536495197034103738498158014291626841418641153908061,InvokeTransaction,0,0x928476056078262748217083034786285451351996057004372654394314423513782007265,48
1929527,1756568141,2025-08-30 15:35:41,15,3095640145361982608589903566984878956059214309388333379536143305172477087887,InvokeTransaction,0,0x69117410215373592956519363009004001871007510132295813377045215949070043013,68
1929527,1756568141,2025-08-30 15:35:41,15,3443612401358385639875098051748927007789180584887466550702720760953341304013,InvokeTransaction,0,0x750416004864020885932932055323167204615351964736722132966145320008687783479,48
1929527,1756568141,2025-08-30 15:35:41,15,1406945018851105713478440349028401122440264948572311958820218376379855093328,InvokeTransaction,0,0x2254550825434981103094553144523099392393465795544800575375679639890779011203,53
1929527,1756568141,2025-08-30 15:35:41,15,2658604081422998166863240325030752824769980296729365363690367445802607572427,InvokeTransaction,0,0x1488751737121510569071434415119970468357645648068635285372677704286231486178,53
1929527,1756568141,2025-08-30 15:35:41,15,1082730385113856986553655365241358356232428268240377409144118312475983377227,InvokeTransaction,0,0x1786294004227038423610733859636751481465138043994605138912374365366617065340,28
1929527,1756568141,2025-08-30 15:35:41,15,350380132497801974657291498745998900471538880604273519759203727339669846978,InvokeTransaction,0,0x1151261233323788896724973827027377249188974522159816125991984124705994670535,17
1929527,1756568141,2025-08-30 15:35:41,15,2902972574257017608544444189631043768621126840641255795407610475080686486261,InvokeTransaction,0,0x554911884914076215216083897173961035916461674927669088792409672758974654066,33
1929527,1756568141,2025-08-30 15:35:41,15,2732242037864969266026054901792737149146853702286692332747369113649214118891,InvokeTransaction,0,0x3073234035216500166230167811884023674731764537109564713758401148340997245051,7
1929527,1756568141,2025-08-30 15:35:41,15,3263914738841175932533288501996963863077871858402075096809949643727247034664,InvokeTransaction,0,0x469891287620022958512575658274468259811963252509122478737415215524571704593,33
1929527,1756568141,2025-08-30 15:35:41,15,2960926611464480313917410753380812335256752116628266433400724009326684323938,InvokeTransaction,0,0x1472019090114931473711054570624553378259941084308125376041906204293874332006,50
1929527,1756568141,2025-08-30 15:35:41,15,2740397412932577165514792340391422291897340012656550398534388805351339491386,InvokeTransaction,0,0x990291530924806779054185544933702420302475058695002097942171240216020245001,48
1929527,1756568141,2025-08-30 15:35:41,15,2560713765111209113298392728126148558772615550383868298802287343461005303365,InvokeTransaction,0,0x419005295056297768645737903890162260218923910802812424069810980741287683835,48
1929527,1756568141,2025-08-30 15:35:41,15,559820426869209843881449864567781827029970986931946238325313112374965788321,InvokeTransaction,0,0x69117410215373592956519363009004001871007510132295813377045215949070043013,48
1929527,1756568141,2025-08-30 15:35:41,15,2687121116529361773943215289728336849421861936180571939768560570475988319549,InvokeTransaction,0,0x1502128632166027842570526261858122847334267134087213665236949233779666561607,33
1929526,1756568124,2025-08-30 15:35:24,15,2622984588670422785263430726315212458509527955627238893234245470779962905644,InvokeTransaction,0,0x2059897478043580672665236885611175842824744134513779397714428380582810043423,222
1929526,1756568124,2025-08-30 15:35:24,15,1188337038713333267205846965270610467344937524249996186856252157781932860895,InvokeTransaction,0,0x901355679034582952693562782097790026946098855700346089534204509014187330530,53
1929526,1756568124,2025-08-30 15:35:24,15,374042415434692871453962211577123183917292015884152965379474310338396125457,InvokeTransaction,0,0x419005295056297768645737903890162260218923910802812424069810980741287683835,40
1929526,1756568124,2025-08-30 15:35:24,15,1187389782446272164924910650306494227439801200573329541792445281320543804773,InvokeTransaction,0,0x2426567713055050403053980189900568766490202805428483851375197027136559450592,29
1929526,1756568124,2025-08-30 15:35:24,15,2901795612257485013761573116470434720890339285804704929896869437565555265950,InvokeTransaction,0,0x990291530924806779054185544933702420302475058695002097942171240216020245001,48
1929526,1756568124,2025-08-30 15:35:24,15,714973008769145375699105612961959028724270986831437580874217206415722266290,InvokeTransaction,0,0x3073234035216500166230167811884023674731764537109564713758401148340997245051,7
1929526,1756568124,2025-08-30 15:35:24,15,2990781755006981891095389441072509226619726529733380533127521407636513620002,InvokeTransaction,0,0x1786294004227038423610733859636751481465138043994605138912374365366617065340,28
1929526,1756568124,2025-08-30 15:35:24,15,1556301470367445971580530405579639428606773308734610322458020878150556487313,InvokeTransaction,0,0x348712338713938333911214478999389594955836822965754865065486694197681085416,53
1929526,1756568124,2025-08-30 15:35:24,15,3558648312032652967098351337914034076874488730318304394177447261994574967795,InvokeTransaction,0,0x750416004864020885932932055323167204615351964736722132966145320008687783479,48
1929526,1756568124,2025-08-30 15:35:24,15,1585275271996473627520765606001096414476361161108265546573381574724498917048,InvokeTransaction,0,0x928476056078262748217083034786285451351996057004372654394314423513782007265,60
1929526,1756568124,2025-08-30 15:35:24,15,2327444303265714684483160036178228982816380539763779279446481564675890776530,InvokeTransaction,0,0x2396832492297517005269826858512977082371898302077771229988701260460360021088,48
1929526,1756568124,2025-08-30 15:35:24,15,3005317081250710825686700513437714627423407787923552222533334386794862325191,InvokeTransaction,0,0x750416004864020885932932055323167204615351964736722132966145320008687783479,48
1929526,1756568124,2025-08-30 15:35:24,15,148078511444775420779366912577323080974876825858312013903629274493333458397,InvokeTransaction,0,0x554911884914076215216083897173961035916461674927669088792409672758974654066,33
1929526,1756568124,2025-08-30 15:35:24,15,3353177460025658638750335806672727849665492874443664814048252842889948221523,InvokeTransaction,0,0x469891287620022958512575658274468259811963252509122478737415215524571704593,33
1929526,1756568124,2025-08-30 15:35:24,15,2670244567459648158691386112668840879584440807640333740718795773720068470703,InvokeTransaction,0,0x1151261233323788896724973827027377249188974522159816125991984124705994670535,17
1929526,1756568124,2025-08-30 15:35:24,15,1403057463114867221982284293469037004582357122772186671528779967275338345190,InvokeTransaction,0,0x2990286535851461998624050907174694644578412830041312205879364808864305372004,48
1929526,1756568124,2025-08-30 15:35:24,15,1274829292507472847751213138050874268616376035289012120848171807333640088855,InvokeTransaction,0,0x838754148358009979272497721003300673451448386438670641326892658876825672653,53
1929526,1756568124,2025-08-30 15:35:24,15,427161196936041244334916091501671942415168978014272401769751694559334108152,InvokeTransaction,0,0x2802748527470849112120779822214832365254218930341545330756539688647709907505,33
1929526,1756568124,2025-08-30 15:35:24,15,546848926620895218887301863662429308163588224621489141925719300856360632795,InvokeTransaction,0,0x1786294004227038423610733859636751481465138043994605138912374365366617065340,28
1929526,1756568124,2025-08-30 15:35:24,15,166084392491752144001971932740577321433201457059664658824544260749873644951,InvokeTransaction,0,0x2985364246000775674385138100406070071983813374887874873065292372430846633948,64
1929526,1756568124,2025-08-30 15:35:24,15,2273335492797863791115079016918268184571673852799579319467550847299162018427,InvokeTransaction,0,0x2670630840985589440045187554914252889815409523531859948677342441068194918313,64
1929526,1756568124,2025-08-30 15:35:24,15,834995732556422438907495107686013947461390905815779299987284990522574297600,InvokeTransaction,0,0x1090588437745237010070438217835664483713118884930216307905103587389048291990,53
1929526,1756568124,2025-08-30 15:35:24,15,2416042490828541926006224908890230007660409764414387801934363451708669811564,InvokeTransaction,0,0x3073234035216500166230167811884023674731764537109564713758401148340997245051,7
1929525,1756568116,2025-08-30 15:35:16,15,2785558458693078414234151543570810341174809118115454243119533895919036801471,InvokeTransaction,0,0x469891287620022958512575658274468259811963252509122478737415215524571704593,33
1929525,1756568116,2025-08-30 15:35:16,15,1087769379371080931447060807846607947517263715489092472349744190962931666438,InvokeTransaction,0,0x419005295056297768645737903890162260218923910802812424069810980741287683835,48
1929525,1756568116,2025-08-30 15:35:16,15,3428124115738986787842683959046679893601809708741742450653297606913691636345,InvokeTransaction,0,0x928476056078262748217083034786285451351996057004372654394314423513782007265,31
1929525,1756568116,2025-08-30 15:35:16,15,1470430029886700320804334594971506348408761588078477003922163936610213536774,InvokeTransaction,0,0x1151261233323788896724973827027377249188974522159816125991984124705994670535,17
1929525,1756568116,2025-08-30 15:35:16,15,2143133751421859921744743040317919137330712263539357292767254955767056599297,InvokeTransaction,0,0x2802748527470849112120779822214832365254218930341545330756539688647709907505,33
1929525,1756568116,2025-08-30 15:35:16,15,479661867594511041859837711205742023129439158817812040852543386498186401618,InvokeTransaction,0,0x1944478833343764953163428606566731559904272329364673169078116733369771180395,4
1929525,1756568116,2025-08-30 15:35:16,15,1950896949977222997155673591770147290871057420934687480416458077620430467844,InvokeTransaction,0,0x2396832492297517005269826858512977082371898302077771229988701260460360021088,48
1929525,1756568116,2025-08-30 15:35:16,15,1392096862829213836516026977680288789520604755332081844289724109952144078289,InvokeTransaction,0,0x1422912997609690038268715398134064602275709261825770291889201048670303379471,53
1929525,1756568116,2025-08-30 15:35:16,15,979796106504366401234091522688543908018803845851827915468353546831592112182,InvokeTransaction,0,0x554911884914076215216083897173961035916461674927669088792409672758974654066,33
1929525,1756568116,2025-08-30 15:35:16,15,2995844877931438361275158528013587945294073397383500845242224127407638729381,InvokeTransaction,0,0x2670630840985589440045187554914252889815409523531859948677342441068194918313,64
1929525,1756568116,2025-08-30 15:35:16,15,207201038333104363882583405250090688833393374040704592055971580684713795318,InvokeTransaction,0,0x1520111258503786454180566693340249524038231091136877666159977787935029957836,48
1929525,1756568116,2025-08-30 15:35:16,15,618316409144852836471400580523459854120177006219523812228403953334249098207,InvokeTransaction,0,0x2985364246000775674385138100406070071983813374887874873065292372430846633948,64
1929525,1756568116,2025-08-30 15:35:16,15,3111084376195313888353609831842674349971300755050638648714657881697475905483,InvokeTransaction,0,0x990291530924806779054185544933702420302475058695002097942171240216020245001,48
1929525,1756568116,2025-08-30 15:35:16,15,3157271219588509826059356212634058339561661129632342011841105422899308122940,InvokeTransaction,0,0x1472019090114931473711054570624553378259941084308125376041906204293874332006,50
1929525,1756568116,2025-08-30 15:35:16,15,926866368039405710185826196613580004309151173000788824085705314515237440794,InvokeTransaction,0,0x1786294004227038423610733859636751481465138043994605138912374365366617065340,28
1929524,1756568108,2025-08-30 15:35:08,15,2983520480361110339225825604655677479494753434211007344103135307136340708091,InvokeTransaction,0,0x2059897478043580672665236885611175842824744134513779397714428380582810043423,507
1929524,1756568108,2025-08-30 15:35:08,15,1099989254806242243197306202163718799195824220700884947553511603929989553440,InvokeTransaction,0,0x1475888945196867119940181702783413768912439958398647927506491097542699893922,53
1929524,1756568108,2025-08-30 15:35:08,15,2486811851187568644705316594782539352365697867957248696206629279431980443524,InvokeTransaction,0,0x2059897478043580672665236885611175842824744134513779397714428380582810043423,33
1929524,1756568108,2025-08-30 15:35:08,15,460229970315072013492232904128712201864259267676537691738420997374316190159,InvokeTransaction,0,0x1786294004227038423610733859636751481465138043994605138912374365366617065340,28
1929524,1756568108,2025-08-30 15:35:08,15,2126092953959448489948567941265434677876277320222382322338264314974932988039,InvokeTransaction,0,0x928476056078262748217083034786285451351996057004372654394314423513782007265,48
1929524,1756568108,2025-08-30 15:35:08,15,2132050614705741036501763689756800547632976633228816111406128095313923499179,InvokeTransaction,0,0x3554459283250376099192342585731350699944777910490019180777645944868445834942,48
1929524,1756568108,2025-08-30 15:35:08,15,591426941005534402750822962518177102493928698942809600959334297040139330883,InvokeTransaction,0,0x3502353814773364462503399830688508330502197882753791729521481879847151449533,23
1929524,1756568108,2025-08-30 15:35:08,15,2520757373612855775358207164469283298298273217489866412676407628643944988601,InvokeTransaction,0,0x3272332493755988785947894752904548137729254624073051670231170861490106145313,5
1929524,1756568108,2025-08-30 15:35:08,15,1689922277943924527218262672770080666459351397879051230433880765784741235599,InvokeTransaction,0,0x2990286535851461998624050907174694644578412830041312205879364808864305372004,48
1929524,1756568108,2025-08-30 15:35:08,15,2661187994673409945755162697647519141393943852077953902810159500171327536939,InvokeTransaction,0,0x990291530924806779054185544933702420302475058695002097942171240216020245001,48
1929524,1756568108,2025-08-30 15:35:08,15,1972747508693750437253757857088130723355333436170317735709125130115682670819,InvokeTransaction,0,0x1786294004227038423610733859636751481465138043994605138912374365366617065340,28
1929524,1756568108,2025-08-30 15:35:08,15,704749054072348326203524412650032210968609255907141665170886541937071471025,InvokeTransaction,0,0x2938754798460571989291611177803528576050882632306672495342750608016934284733,53
1929524,1756568108,2025-08-30 15:35:08,15,2167383241699658512757316392067720816113192123800591776703928318727791120939,InvokeTransaction,0,0x3073234035216500166230167811884023674731764537109564713758401148340997245051,7
1929523,1756568099,2025-08-30 15:34:59,15,3285134858517046374979508992833201378373249518458054059130913152905688463385,InvokeTransaction,0,0x2670630840985589440045187554914252889815409523531859948677342441068194918313,64
1929523,1756568099,2025-08-30 15:34:59,15,232325942918352928215333516193104218886665090895436086733470810145027627967,InvokeTransaction,0,0x2985364246000775674385138100406070071983813374887874873065292372430846633948,64
1929523,1756568099,2025-08-30 15:34:59,15,3603744614917546714515602096980142940925932916570061114370186636915934607381,InvokeTransaction,0,0x990291530924806779054185544933702420302475058695002097942171240216020245001,48
1929523,1756568099,2025-08-30 15:34:59,15,858055922260805788748717424694660304707748996663187973736128594657334522425,InvokeTransaction,0,0x419005295056297768645737903890162260218923910802812424069810980741287683835,48
1929523,1756568099,2025-08-30 15:34:59,15,3320712715382632917263824757377646009484539659803544953059148949395944265920,InvokeTransaction,0,0x305433119404151897162926384940642237526707713478661708856024361341170580500,4
1929523,1756568099,2025-08-30 15:34:59,15,264135316788951742598644334601951667679432528417498053948003959403340605285,InvokeTransaction,0,0x3073234035216500166230167811884023674731764537109564713758401148340997245051,7
1929523,1756568099,2025-08-30 15:34:59,15,527688235604512778472194493230533964408918107745756728060943803046955614883,InvokeTransaction,0,0x554911884914076215216083897173961035916461674927669088792409672758974654066,33
1929523,1756568099,2025-08-30 15:34:59,15,1901134023500365890820074720562905488623407327623314840996296422100662260324,InvokeTransaction,0,0x2426567713055050403053980189900568766490202805428483851375197027136559450592,5
1929523,1756568099,2025-08-30 15:34:59,15,1561249343408544813124484567169564378076438586285071229617847121992002131840,InvokeTransaction,0,0x2168649558266032599487364047315818674621932714202407902005538134237761060922,53
1929523,1756568099,2025-08-30 15:34:59,15,2269420158217263510762056053543545401939800813438115130571008755215669611951,InvokeTransaction,0,0x3554459283250376099192342585731350699944777910490019180777645944868445834942,48
1929522,1756568089,2025-08-30 15:34:49,15,1383865135258183086416897476022860778232746122024227092776119670094265992949,InvokeTransaction,0,0x3213616594818599252306938261704731193840112457978495373392984122337684694512,68
1929522,1756568089,2025-08-30 15:34:49,15,2370489009666631662661448967839236744978400280538327286530054369591648744538,InvokeTransaction,0,0x1151261233323788896724973827027377249188974522159816125991984124705994670535,17
1929522,1756568089,2025-08-30 15:34:49,15,1538269901098523777739024985867007090561180106347995138431278298924419598766,InvokeTransaction,0,0x469891287620022958512575658274468259811963252509122478737415215524571704593,33
1929522,1756568089,2025-08-30 15:34:49,15,405790683869260237363142357524648304227140841514671924160628428099239559498,InvokeTransaction,0,0x2802748527470849112120779822214832365254218930341545330756539688647709907505,33
1929522,1756568089,2025-08-30 15:34:49,15,1223885169233018856909842888870814264294434061714851786321170810394102933625,InvokeTransaction,0,0x2396832492297517005269826858512977082371898302077771229988701260460360021088,48
1929522,1756568089,2025-08-30 15:34:49,15,1441898398004240481455933130195438176634067914629119830951213468834781370230,InvokeTransaction,0,0x928476056078262748217083034786285451351996057004372654394314423513782007265,48
1929522,1756568089,2025-08-30 15:34:49,15,3360616364572179288666849428878540530715099828188328195059312547477952073988,InvokeTransaction,0,0x790201378166562193262812505680361204004349941814610912107282015180008905984,75
1929522,1756568089,2025-08-30 15:34:49,15,3009436639514590116387539920591989196664445520082199925264843959556491298651,InvokeTransaction,0,0x2990286535851461998624050907174694644578412830041312205879364808864305372004,48
1929522,1756568089,2025-08-30 15:34:49,15,2465408248318171397919287555054083109344227452043967144835135783123069478707,InvokeTransaction,0,0x1520111258503786454180566693340249524038231091136877666159977787935029957836,48
1929522,1756568089,2025-08-30 15:34:49,15,1121794307433184483062164953756087207812720324867827112007667667970339966438,InvokeTransaction,0,0x990291530924806779054185544933702420302475058695002097942171240216020245001,48
1929522,1756568089,2025-08-30 15:34:49,15,574680492438724970302841326956485909937474823068265910022915726637109482896,InvokeTransaction,0,0x3466976762574878406371044521279697482735286198485769459443950417005982791434,5
1929522,1756568089,2025-08-30 15:34:49,15,3420455818107764741036813992549987243502329846461528921096525431897900290091,InvokeTransaction,0,0x2255506366796951637741838945436486068678073850377297584941348304291515037543,1503
1929522,1756568089,2025-08-30 15:34:49,15,2028674419744980562836631065116333151199584026862584729770650793390953739873,InvokeTransaction,0,0x3336505653317385083430837576561859967358989346620889194396176263652292101390,53
1929522,1756568089,2025-08-30 15:34:49,15,557363559607174752813731043782958271583794188914473986105687806571107209785,InvokeTransaction,0,0x3160688360526114326647148769912564856366521187651797078002749321062988531957,5
1929522,1756568089,2025-08-30 15:34:49,15,1118542853380706432360018596156130177206170186641302276867981998365048599479,InvokeTransaction,0,0x3073234035216500166230167811884023674731764537109564713758401148340997245051,7
1929522,1756568089,2025-08-30 15:34:49,15,2745386071368800321295340332238384506710001395039642977374649136682624137052,InvokeTransaction,0,0x2217946209747962202519685464423216840022382844607756589571515452608072991354,5
1929522,1756568089,2025-08-30 15:34:49,15,165592790351907219253804728635026126514435097660867619489394568230868729717,InvokeTransaction,0,0x1520111258503786454180566693340249524038231091136877666159977787935029957836,48
1929522,1756568089,2025-08-30 15:34:49,15,2474005970569706991417117648730832945395769501720417843811629088107641976737,InvokeTransaction,0,0x2396832492297517005269826858512977082371898302077771229988701260460360021088,48
1929522,1756568089,2025-08-30 15:34:49,15,360340406702700721290640567244929457192331035909400986821863099801702201270,InvokeTransaction,0,0x769496900650714182868972432903818175771756153547715989738245116257148047326,53
1929522,1756568089,2025-08-30 15:34:49,15,2059793988070975149161936154893349077412979138204982146169034402432308995830,InvokeTransaction,0,0x2059897478043580672665236885611175842824744134513779397714428380582810043423,272
1929522,1756568089,2025-08-30 15:34:49,15,1940089612399857175674619946191009337877945750368273555972494823846536280564,InvokeTransaction,0,0x750416004864020885932932055323167204615351964736722132966145320008687783479,48
1929521,1756568076,2025-08-30 15:34:36,15,1499754629483583278105339075506495268246272920006652964217098408452378861413,InvokeTransaction,0,0x2670630840985589440045187554914252889815409523531859948677342441068194918313,64
1929521,1756568076,2025-08-30 15:34:36,15,785094261562816787063815913626510445438514814527083620999696404984097616604,InvokeTransaction,0,0x1472735198788533085928124395251574472524513140750742513642423273647228914606,53
1929521,1756568076,2025-08-30 15:34:36,15,811852166189154239607922927788568527044614747558366103342501143302391873458,InvokeTransaction,0,0x2985364246000775674385138100406070071983813374887874873065292372430846633948,64
1929521,1756568076,2025-08-30 15:34:36,15,3391237204510017480276505154319810688030026762863386461164621735883381639651,InvokeTransaction,0,0x350779848673874762430421804539055553482318510615867043379246901872806872607,5
1929521,1756568076,2025-08-30 15:34:36,15,557003751789576142783532075854036748302334865650836190273288244226444716836,InvokeTransaction,0,0x750416004864020885932932055323167204615351964736722132966145320008687783479,48
1929521,1756568076,2025-08-30 15:34:36,15,502252592630797500372342777073270304944306047448744744605220294511108286917,InvokeTransaction,0,0x3073234035216500166230167811884023674731764537109564713758401148340997245051,7
1929521,1756568076,2025-08-30 15:34:36,15,1495553387104464132169724634770383175725669792365966500730624898457335593432,InvokeTransaction,0,0x2059897478043580672665236885611175842824744134513779397714428380582810043423,400
1929521,1756568076,2025-08-30 15:34:36,15,1958959417124773433484139964272486664400847311347356380934588312802226728165,InvokeTransaction,0,0x2986033806519633911936900487142149203975463842801292103666078737674242875486,53
1929521,1756568076,2025-08-30 15:34:36,15,404527574206485156767210462150303502770117260572779617304360699349223161187,InvokeTransaction,0,0x273599142370843914565674819415085713883219132804799838971143309678180405915,48
1929521,1756568076,2025-08-30 15:34:36,15,540688560511199193086711992302642346710807913400553099028829591989049628055,InvokeTransaction,0,0x750416004864020885932932055323167204615351964736722132966145320008687783479,40
1929521,1756568076,2025-08-30 15:34:36,15,2528346665529109056358687248822818645996114934893731963333032949189828870597,InvokeTransaction,0,0x2514462807438605693902039572146293242849658445068107628853206220916391391499,53
1929521,1756568076,2025-08-30 15:34:36,15,3389479957724217046439940082831162720024257006693838647137095269625217396824,InvokeTransaction,0,0x554911884914076215216083897173961035916461674927669088792409672758974654066,33
